npm warn tarball tarball data for uri-js@https://registry.npmjs.org/uri-js/-/uri-js-4.4.1.tgz (sha512-7rKUyy33Q1yc98pQ1DAmLtwX109F7TIfWlW1Ydo8Wl1ii1SeHieeh0HHfPeL2fMXK6z0s8ecKs9frCuLJvndBg==) seems to be corrupted. Trying again.
npm warn tarball tarball data for wrap-ansi@https://registry.npmjs.org/wrap-ansi/-/wrap-ansi-7.0.0.tgz (sha512-YVGIj2kamLSTxw6NsZjoBxfSwsn0ycdesmc4p+Q21c5zPuZ1pl+NfxVdxPtdHvmNVOQ6XSYG4AUtyt/Fi7D16Q==) seems to be corrupted. Trying again.
npm warn tarball tarball data for yuku-ast@https://registry.npmjs.org/yuku-ast/-/yuku-ast-0.10.2.tgz (sha512-UnG9mA6giglCvSErft2/40TVFX750Sj1xgwddPLpG7J7rlr/P1wPADg9G2RK+d/1tNLtRVoLdMMOMVBB9561TQ==) seems to be corrupted. Trying again.
npm warn tarball tarball data for yuku-parser@https://registry.npmjs.org/yuku-parser/-/yuku-parser-0.10.2.tgz (sha512-CgaU0/PPjCAIEZ3WQroosOxTY3eeKldAN3h+vk8pMNz4+jl1CZzBR4pW+K/rRPF112VooCL5FdjJoiMNjDrL2A==) seems to be corrupted. Trying again.
npm warn tarball tarball data for yargs@https://registry.npmjs.org/yargs/-/yargs-16.2.2.tgz (sha512-Nt9ZJjXTv5R8MHbqby/wXQ6Gi0Bb3TcYZkR1bzuL4yB2OxWPkXknz513gEF0GoA6tn00UpbPvERW8rzCuWCA6w==) seems to be corrupted. Trying again.
npm warn tarball tarball data for yuku-codegen@https://registry.npmjs.org/yuku-codegen/-/yuku-codegen-0.10.2.tgz (sha512-hentl2dtrF6cPjiAirtkfxfFZBA6Hdm61UqRJ7cA0qrlDNMk9PZGOjw5w1mx3E0hu/6pHcJF4dJW+D0SXHPZOA==) seems to be corrupted. Trying again.
npm warn tarball tarball data for validate-npm-package-name@https://registry.npmjs.org/validate-npm-package-name/-/validate-npm-package-name-5.0.1.tgz (sha512-OljLrQ9SQdOUqTaQxqL5dEfZWrXExyyWsozYlAWFawPVNuD83igl7uJD2RTkNMbniIYgt8l81eCJGIdQF7avLQ==) seems to be corrupted. Trying again.
npm warn tarball tarball data for y18n@https://registry.npmjs.org/y18n/-/y18n-5.0.8.tgz (sha512-0pfFzegeDWJHJIAmTLRP2DwHjdF5s7jo9tuztdQxAhINCdvS+3nGINqPd00AphqJR/0LhANUS6/+7SCb98YOfA==) seems to be corrupted. Trying again.
npm warn tarball tarball data for which@https://registry.npmjs.org/which/-/which-2.0.2.tgz (sha512-BLI3Tl1TW3Pvl70l3yq3Y64i+awpwXqsGBYWkkqMtnbXgrMD+yj7rhW0kuEDxzJaYXGjEW5ogapKNMEKNMjibA==) seems to be corrupted. Trying again.
npm warn tarball tarball data for verkit@https://registry.npmjs.org/verkit/-/verkit-0.4.1.tgz (sha512-mMVzj0TXExtVdlDEq+Mzp0eyOuyznNpFobNM3uAqe3HVm/Ps2c+u17BligMkZjZCA6EiXpoon8iRTer3iu40SQ==) seems to be corrupted. Trying again.
npm warn tarball tarball data for word-wrap@https://registry.npmjs.org/word-wrap/-/word-wrap-1.2.5.tgz (sha512-BN22B5eaMMI9UMtjrGd5g5eCYPpCPDUy0FJXbYsaT5zYxjFOckS53SQDE3pWkVoWpHXVb3BrYcEN4Twa55B5cA==) seems to be corrupted. Trying again.
npm warn tarball tarball data for yocto-queue@https://registry.npmjs.org/yocto-queue/-/yocto-queue-0.1.0.tgz (sha512-rVksvsnNCdJ/ohGc6xgPwyN8eheCxsiLM8mxuE/t/mOVqJewPuO1miLpTHQiRgTKCLexL4MeAFVagts7HmNZ2Q==) seems to be corrupted. Trying again.
npm warn tarball tarball data for vite@https://registry.npmjs.org/vite/-/vite-8.3.4.tgz (sha512-IftLE8phJhdNRIGNEV4JCCvfNScoZQVfcXaN8TQropWGJtOHcu+iAB9pHcuGvmEb/kddw0LBe/jS8ztdC6xdiQ==) seems to be corrupted. Trying again.
npm warn tarball tarball data for why-is-node-running@https://registry.npmjs.org/why-is-node-running/-/why-is-node-running-3.2.1.tgz (sha512-Tb2FUhB4vUsGQlfSquQLYkApkuPAFQXGFzxWKHHumVz2dK+X1RUm/HnID4+TfIGYJ1kTcwOaCk/buYCEJr6YjQ==) seems to be corrupted. Trying again.
npm warn tarball tarball data for yargs-parser@https://registry.npmjs.org/yargs-parser/-/yargs-parser-20.2.9.tgz (sha512-y11nGElTIV+CT3Zv9t7VKl+Q3hTQoT9a1Qzezhhl6Rp21gJ/IVTW7Z3y9EWXhuUBC2Shnf+DX0antecpAwSP8w==) seems to be corrupted. Trying again.
npm warn tarball tarball data for vitest@https://registry.npmjs.org/vitest/-/vitest-5.0.3.tgz (sha512-xMw97S3rjdtj5dkVat7jCsqWBpvchs3RlpQctUqwJD0KkERk40vz2fJ77lDwW/Vzh/pk18eItYAzkodhSes3jQ==) seems to be corrupted. Trying again.
npm warn tarball tarball data for type-check@https://registry.npmjs.org/type-check/-/type-check-0.4.0.tgz (sha512-XleUoc9uwGXqjWwXaUTZAmzMcFZ5858QA2vvx1Ur5xIcixXIP+8LnFDgRplU30us6teqdlskFfu+ae4K79Ooew==) seems to be corrupted. Trying again.
npm warn tarball tarball data for undici-types@https://registry.npmjs.org/undici-types/-/undici-types-7.24.6.tgz (sha512-WRNW+sJgj5OBN4/0JpHFqtqzhpbnV0GuB+OozA9gCL7a993SmU+1JBZCzLNxYsbMfIeDL+lTsphD5jN5N+n0zg==) seems to be corrupted. Trying again.
npm warn tarball tarball data for unconfig-core@https://registry.npmjs.org/unconfig-core/-/unconfig-core-7.5.0.tgz (sha512-Su3FauozOGP44ZmKdHy2oE6LPjk51M/TRRjHv2HNCWiDvfvCoxC2lno6jevMA91MYAdCdwP05QnWdWpSbncX/w==) seems to be corrupted. Trying again.
npm warn tarball tarball data for unicode-emoji-modifier-base@https://registry.npmjs.org/unicode-emoji-modifier-base/-/unicode-emoji-modifier-base-1.0.0.tgz (sha512-yLSH4py7oFH3oG/9K+XWrz1pSi3dfUrWEnInbxMfArOfc1+33BlGPQtLsOYwvdMy11AwUBetYuaRxSPqgkq+8g==) seems to be corrupted. Trying again.
npm warn tarball tarball data for tsdown@https://registry.npmjs.org/tsdown/-/tsdown-0.23.0.tgz (sha512-BaT+ep1xnj5hdyICLd5r5SYYE+TXnI1ATePLykv9vcKpHpFTWUWRH+x1AF/E2qcu3YB6+vI8IdyxIIIffEqw5Q==) seems to be corrupted. Trying again.
npm warn tarball tarball data for typescript@https://registry.npmjs.org/typescript/-/typescript-6.0.3.tgz (sha512-y2TvuxSZPDyQakkFRPZHKFm+KKVqIisdg9/CZwm9ftvKXLP8NRWj38/ODjNbr43SsoXqNuAisEf1GdCxqWcdBw==) seems to be corrupted. Trying again.
npm warn tarball tarball data for supports-color@https://registry.npmjs.org/supports-color/-/supports-color-7.2.0.tgz (sha512-qpCAvRl9stuOHveKsn7HncJRvv501qIacKzQlO/+Lwxc9+0q2wLyv4Dfvt80/DPn2pqOBsJdDiogXGR9+OvwRw==) seems to be corrupted. Trying again.
npm warn tarball tarball data for tree-kill@https://registry.npmjs.org/tree-kill/-/tree-kill-1.2.2.tgz (sha512-L0Orpi8qGpRG//Nd+H90vFB+3iHnue1zSSGmNOOCh1GLJ7rUKVwV2HvijphGQS2UmhUZewS9VgvxYIdgr+fG1A==) seems to be corrupted. Trying again.
npm warn tarball tarball data for ts-api-utils@https://registry.npmjs.org/ts-api-utils/-/ts-api-utils-2.5.0.tgz (sha512-OJ/ibxhPlqrMM0UiNHJ/0CKQkoKF243/AEmplt3qpRgkW8VG7IfOS41h7V8TjITqdByHzrjcS/2si+y4lIh8NA==) seems to be corrupted. Trying again.
npm warn tarball tarball data for typescript-eslint@https://registry.npmjs.org/typescript-eslint/-/typescript-eslint-8.71.1.tgz (sha512-oiNVPC3/NbV1FpaHU07l8O6ynqG9v4PAiW2WvTrAmZdR0f2HI/gE668ElMLCK7Xbsu5k2fK5C4fXNiq05j7/nQ==) seems to be corrupted. Trying again.
npm warn tarball tarball data for tinyexec@https://registry.npmjs.org/tinyexec/-/tinyexec-1.3.1.tgz (sha512-GCvB3aoys96IuDFBMcTB46JOR6mdMtAToqwiW8JlWhsoh1mhHi/xn9ss/Dg7N555GiJyEt2qzoG/NHCwM6h1EA==) seems to be corrupted. Trying again.
npm warn tarball tarball data for tinyglobby@https://registry.npmjs.org/tinyglobby/-/tinyglobby-0.2.17.tgz (sha512-wXR/dYpcqKmfWpEdZjiKJOwCNFndD0DMnrW/cYjVGttEkBfVgcLFHoNrlj47mjOVic9yyNu65alsgF4NQyTa2g==) seems to be corrupted. Trying again.
npm warn tarball tarball data for thenify-all@https://registry.npmjs.org/thenify-all/-/thenify-all-1.6.0.tgz (sha512-RNxQH/qI8/t3thXJDwcstUO4zeqo64+Uy/+sNVRBx4Xn2OX+OZ9oP+iJnNFqplFra2ZUVeKCSa2oVWi3T4uVmA==) seems to be corrupted. Trying again.
npm warn tarball tarball data for thenify@https://registry.npmjs.org/thenify/-/thenify-3.3.1.tgz (sha512-RVZSIV5IG10Hk3enotrhvz0T9em6cyHBLkH/YAZuKqd8hRkKhSfCGIcP2KUY0EPxndzANBmNllzWPwak+bheSw==) seems to be corrupted. Trying again.
npm warn tarball tarball data for tinyrainbow@https://registry.npmjs.org/tinyrainbow/-/tinyrainbow-3.2.0.tgz (sha512-LgO3D9yZJjApUiuUfl9iFAwrtaX4+lok3wJIqttGoKCHlWUqHqbQpnxCf82L8FjgKsh4iGo78hqJwgL8F6To2A==) seems to be corrupted. Trying again.
npm warn tarball tarball data for tinybench@https://registry.npmjs.org/tinybench/-/tinybench-6.2.1.tgz (sha512-IAbQaPJIIdhVxi0mqy9lez1wEwje0UQf9F1vwtbelEG5Nbgn0nPOxCvU+mNeNS9gyJTAhrHp74CbUaSynQpZcQ==) seems to be corrupted. Trying again.
npm warn tarball tarball data for std-env@https://registry.npmjs.org/std-env/-/std-env-4.3.0.tgz (sha512-OtU/EgQ1kIm5KwqQpBC6ZEMXrZRui11w8zgfTWp8cdO9B8OaPsbA8bTHO2P+HNo1VlUTGMVBwPhydu6poeXiag==) seems to be corrupted. Trying again.
npm warn tarball tarball data for strip-ansi@https://registry.npmjs.org/strip-ansi/-/strip-ansi-6.0.1.tgz (sha512-Y38VPSHcqkFrCpFnQ9vuSXmquuv5oXOKpGeT6aGrr3o3Gc9AlVa6JBfUSOCnbxGGZF+/0ooI7KrPuUSztUdU5A==) seems to be corrupted. Trying again.
npm warn tarball tarball data for source-map-js@https://registry.npmjs.org/source-map-js/-/source-map-js-1.2.2.tgz (sha512-KGj/8Y43x35aZVDtt+J4mK1hoLGHULMYfSkODJNQjNDC3oW1PqPoxMwo0pLUsWM/UEGzON/NxeHywEfNXNP3Vw==) seems to be corrupted. Trying again.
npm warn tarball tarball data for supports-hyperlinks@https://registry.npmjs.org/supports-hyperlinks/-/supports-hyperlinks-3.2.0.tgz (sha512-zFObLMyZeEwzAoKCyu1B91U79K2t7ApXuQfo8OuxwXLDgcKxuwM+YvcbIhm6QWqz7mHUH1TVytR1PwVVjEuMig==) seems to be corrupted. Trying again.
npm warn tarball tarball data for shebang-regex@https://registry.npmjs.org/shebang-regex/-/shebang-regex-3.0.0.tgz (sha512-7++dFhtcx3353uBaq8DDR4NuxBetBzC7ZQOhmTQInHEd6bSrXdiEyzCvG07Z44UYdLShWUyXt5M/yhz8ekcb1A==) seems to be corrupted. Trying again.
npm warn tarball tarball data for skin-tone@https://registry.npmjs.org/skin-tone/-/skin-tone-2.0.0.tgz (sha512-kUMbT1oBJCpgrnKoSr0o6wPtvRWT9W9UKvGLwfJYO2WuahZRHOpEyL1ckyMGgMWh0UdpmaoFqKKD29WTomNEGA==) seems to be corrupted. Trying again.
npm warn tarball tarball data for string-width@https://registry.npmjs.org/string-width/-/string-width-4.2.3.tgz (sha512-wKyQRQpjJ0sIp62ErSZdGsjMJWsap5oRNihHhu6G7JVO/9jIB6UyevL+tXuOqrng8j/cxKTWyWUwvSTriiZz/g==) seems to be corrupted. Trying again.
npm warn tarball tarball data for require-directory@https://registry.npmjs.org/require-directory/-/require-directory-2.1.1.tgz (sha512-fGxEI7+wsG9xrvdjsrlmL22OMTTiHRwAMroiEeMgq8gzoLC/PQr7RsRDSTLUg/bZAZtF+TVIkHc6/4RIKrui+Q==) seems to be corrupted. Trying again.
npm warn tarball tarball data for semver@https://registry.npmjs.org/semver/-/semver-7.8.5.tgz (sha512-Y7/KDsb8LjooZpwaqGyulO6DQlksgCncchHGk+sZIY4SBvUocMBEFH5Ur1fI4dV+Jvl0w6cjvucaIi40puRioA==) seems to be corrupted. Trying again.
npm warn tarball tarball data for shebang-command@https://registry.npmjs.org/shebang-command/-/shebang-command-2.0.0.tgz (sha512-kHxr2zZpYtdmrN1qDjrrX/Z1rR1kG8Dx+gkpK1G4eXmvXswmcE1hTWBWYUzlraYw1/yZp6YuDY77YtvbN0dmDA==) seems to be corrupted. Trying again.
npm warn tarball tarball data for size-limit@https://registry.npmjs.org/size-limit/-/size-limit-14.2.0.tgz (sha512-/h8+T+2TxSdZhKRv70gtjAfMKK72p6+FEJMqEZHjzbLXfACF6esikRT8aHqmVLQvT+9lNlAa8GOAVFC3XeI1VA==) seems to be corrupted. Trying again.
npm warn tarball tarball data for sade@https://registry.npmjs.org/sade/-/sade-1.8.1.tgz (sha512-xal3CZX1Xlo/k4ApwCFrHVACi9fBqJ7V+mwhBsuf/1IOKbBy098Fex+Wa/5QMubw09pSZ/u8EY8PWgevJsXp1A==) seems to be corrupted. Trying again.
npm warn tarball tarball data for rolldown-plugin-dts@https://registry.npmjs.org/rolldown-plugin-dts/-/rolldown-plugin-dts-0.28.6.tgz (sha512-qKrFtBfRfR2hP233m7Ic9zf3wv6MSYdZghWKMdEO6dRYZGlNfINJAa1P5ZVvyHh3mrcd7IJQvIY8L9vnm+v5rQ==) seems to be corrupted. Trying again.
npm warn tarball tarball data for scslre@https://registry.npmjs.org/scslre/-/scslre-0.3.0.tgz (sha512-3A6sD0WYP7+QrjbfNA2FN3FsOaGGFoekCVgTyypy53gPxhbkCIjtO6YWgdrfM+n/8sI8JeXZOIxsHjMTNxQ4nQ==) seems to be corrupted. Trying again.
npm warn tarball tarball data for punycode@https://registry.npmjs.org/punycode/-/punycode-2.3.1.tgz (sha512-vYt7UD1U9Wg6138shLtLOvdAu+8DsC/ilFtEVHcH+wydcSpNE20AfSOduf6MkRFahL5FY7X1oU7nKVZFtfq8Fg==) seems to be corrupted. Trying again.
npm warn tarball tarball data for rolldown@https://registry.npmjs.org/rolldown/-/rolldown-1.2.13.tgz (sha512-/5apOkwWxtACcQtZ5WlrAsKS4JwXVThQPJZ3RqIruRY9UG9M8e0VlXN068xum/JRKA4aIUoJ13ghe/kGCvidiQ==) seems to be corrupted. Trying again.
npm warn tarball tarball data for regexp-ast-analysis@https://registry.npmjs.org/regexp-ast-analysis/-/regexp-ast-analysis-0.7.1.tgz (sha512-sZuz1dYW/ZsfG17WSAG7eS85r5a0dDsvg+7BiiYR5o6lKCAtUrEwdmRmaGF6rwVj3LcmAeYkOWKEPlbPzN3Y3A==) seems to be corrupted. Trying again.
npm warn tarball tarball data for publint@https://registry.npmjs.org/publint/-/publint-0.3.25.tgz (sha512-WMMbn/d7JqRlfXQL/JUI4n5skC8cJ5WVr8/wT5mmiYWkUdENkZr1I5rgs2+dQPVRgoJd+JRYtB46MTsuDylw9g==) seems to be corrupted. Trying again.
npm warn tarball tarball data for resolve-pkg-maps@https://registry.npmjs.org/resolve-pkg-maps/-/resolve-pkg-maps-1.0.0.tgz (sha512-seS2Tj26TBVOC2NIc2rOe2y2ZO7efxITtLZcGSOnHHNOQ7CkiUBfw0Iw2ck6xkIhPwLhKNLS8BO+hEpngQlqzw==) seems to be corrupted. Trying again.
npm warn tarball tarball data for qified@https://registry.npmjs.org/qified/-/qified-0.10.1.tgz (sha512-+Owyggi9IxT1ePKGafcI87ubSmxol6smwJ+RAHDQlx9+9cPwFWDiKFFCPuWhr9ignlGpZ9vDQLw67N4dcTVFEA==) seems to be corrupted. Trying again.
npm warn tarball tarball data for refa@https://registry.npmjs.org/refa/-/refa-0.12.1.tgz (sha512-J8rn6v4DBb2nnFqkqwy6/NnTYMcgLA+sLr0iIO41qpv0n+ngb7ksag2tMRl0inb1bbO/esUwzW1vbJi7K0sI0g==) seems to be corrupted. Trying again.
npm warn tarball tarball data for picocolors@https://registry.npmjs.org/picocolors/-/picocolors-1.1.1.tgz (sha512-xceH2snhtb5M9liqDsmEw56le376mTZkEX/jEb/RxNFyegNul7eNslCXP9FDj/Lcu0X8KEyMceP2ntpaHrDEVA==) seems to be corrupted. Trying again.
npm warn tarball tarball data for quansync@https://registry.npmjs.org/quansync/-/quansync-1.0.0.tgz (sha512-5xZacEEufv3HSTPQuchrvV6soaiACMFnq1H8wkVioctoH3TRha9Sz66lOxRwPK/qZj7HPiSveih9yAyh98gvqA==) seems to be corrupted. Trying again.
npm warn tarball tarball data for path-exists@https://registry.npmjs.org/path-exists/-/path-exists-4.0.0.tgz (sha512-ak9Qy5Q7jYb2Wwcey5Fpvg2KoAc/ZIhLSLOSBmRmygPsGwkVVt0fZa0qrtMz+m6tJTAHfZQ8FnmB4MG4LWy7/w==) seems to be corrupted. Trying again.
npm warn tarball tarball data for p-limit@https://registry.npmjs.org/p-limit/-/p-limit-3.1.0.tgz (sha512-TYOanM3wGwNGsZN2cVTYPArw454xnXj5qmWF1bEoAc4+cU/ol7GVh7odevjp1FNHduHc3KZMcFduxU5Xc6uJRQ==) seems to be corrupted. Trying again.
npm warn tarball tarball data for package-manager-detector@https://registry.npmjs.org/package-manager-detector/-/package-manager-detector-1.9.0.tgz (sha512-zAMfbta9nPA8AKkA4WdmNAT8R8s6Dk0/xwPsqNnRidMFcLo1YkLuPDTgs2f64XdzS8vbLNnoJ+uUIkgbz7oRHA==) seems to be corrupted. Trying again.
npm warn tarball tarball data for postcss@https://registry.npmjs.org/postcss/-/postcss-8.5.29.tgz (sha512-49cGhUbXj8Qenv0iTMxA1cFBzxXoctpC9Ujd77t1WcbJIr6nF/eI7g/8MgxrYldFRuAXvja7xQRwavoW7kgrxQ==) seems to be corrupted. Trying again.
npm warn tarball tarball data for prettier@https://registry.npmjs.org/prettier/-/prettier-3.9.9.tgz (sha512-Z/CJHIkdujO/OtN7nXUii0Rf3VT5SRuhjBA82Xvu2XhBUgX3nhP67T0LHceBdQLex7OOFGTox+Q5Yg8Jk2Qivg==) seems to be corrupted. Trying again.
npm warn tarball tarball data for prelude-ls@https://registry.npmjs.org/prelude-ls/-/prelude-ls-1.2.1.tgz (sha512-vkcDPrRZo1QZLbn5RLGPpg/WmIQ65qoWWhcGKf/b5eplkkarX0m9z8ppCat4mlOqUsWpyNuYgO3VRyrYHSzX5g==) seems to be corrupted. Trying again.
npm warn tarball tarball data for path-key@https://registry.npmjs.org/path-key/-/path-key-3.1.1.tgz (sha512-ojmeN0qd+y0jszEtoY48r0Peq5dwMEkIlCOu6Q5f41lfkswXuKtYrhgoTpLnyIcHm24Uhqx+5Tqm2InSwLhE6Q==) seems to be corrupted. Trying again.
npm warn tarball tarball data for optionator@https://registry.npmjs.org/optionator/-/optionator-0.9.4.tgz (sha512-6IpQ7mKUxRcZNLIObR0hz7lxsapSSIYNZJwXPGeF0mTVqGKFIXj1DQcMoT22S3ROcLyY/rz0PWaWZ9ayWmad9g==) seems to be corrupted. Trying again.
npm warn tarball tarball data for p-locate@https://registry.npmjs.org/p-locate/-/p-locate-5.0.0.tgz (sha512-LaNjtRWUBY++zB5nE/NwcaoMylSPk+S+ZHNB1TzdbMJMny6dynpAGt7X/tl/QYq3TIeE6nxHppbo2LGymrG5Pw==) seems to be corrupted. Trying again.
npm warn tarball tarball data for picomatch@https://registry.npmjs.org/picomatch/-/picomatch-4.0.7.tgz (sha512-qcJu88Q2IWqJsDD529JKMdwGm/dvInW4HvQnRwiH9JtihJvzGOscDtHE3x1pBKeUOTysQ8kVmLnJ2kJu7yhcGA==) seems to be corrupted. Trying again.
npm warn tarball tarball data for parse5@https://registry.npmjs.org/parse5/-/parse5-5.1.1.tgz (sha512-ugq4DFI0Ptb+WWjAdOK16+u/nHfiIrcE+sh8kZMaM0WllQKLI9rOUq6c2b7cwPkXdzfQESqvoqK6ug7U/Yyzug==) seems to be corrupted. Trying again.
npm warn tarball tarball data for parse5-htmlparser2-tree-adapter@https://registry.npmjs.org/parse5-htmlparser2-tree-adapter/-/parse5-htmlparser2-tree-adapter-6.0.1.tgz (sha512-qPuWvbLgvDGilKc5BoicRovlT4MtYT6JfJyBOMDsKoiT+GiuP5qyrPCnR9HcPECIJJmZh5jRndyNThnhhb/vlA==) seems to be corrupted. Trying again.
npm warn tarball tarball data for nanoid@https://registry.npmjs.org/nanoid/-/nanoid-3.3.20.tgz (sha512-uKdg2G3GNCKQn9byYOpxbGqrT2fGO5KRt5J/8b3pok8rT6qxGWF6hxMyJiEYtAf+FVyYuD9hRaDqX5uPFYJ4ZQ==) seems to be corrupted. Trying again.
npm warn tarball tarball data for mri@https://registry.npmjs.org/mri/-/mri-1.2.0.tgz (sha512-tzzskb3bG8LvYGFF/mDTpq3jpI6Q9wc3LEmBaghu+DdCssd1FakN7Bc0hVNmEyGq1bq3RgfkCb3cmQLpNPOroA==) seems to be corrupted. Trying again.
npm warn tarball tarball data for minimatch@https://registry.npmjs.org/minimatch/-/minimatch-10.2.6.tgz (sha512-vpLQEs+VLCr1nU0BXS07maYoFwlDAH0gngQuuttxIwutDFEMHq2blX+8vpgxDdK3J1PwjCJiep77OitTZ4Ll1A==) seems to be corrupted. Trying again.
npm warn tarball tarball data for object-assign@https://registry.npmjs.org/object-assign/-/object-assign-4.1.1.tgz (sha512-rJgTQnkUnH1sFw8yT6VSU3zD3sWmu6sZhIseY8VX+GRu3P6F7Fu+JNDoXfklElbLJSnc3FUQHVe4cU5hj+BcUg==) seems to be corrupted. Trying again.
npm warn tarball tarball data for obug@https://registry.npmjs.org/obug/-/obug-2.2.1.tgz (sha512-XrsrhT5sybtKI6wakr2SPOlGZWWYbUXZ7a0jT8/QOeAPau+1X/bSegNe5YR75oJmEZQbKningirmGOEJCIk61Q==) seems to be corrupted. Trying again.
npm warn tarball tarball data for natural-compare@https://registry.npmjs.org/natural-compare/-/natural-compare-1.4.0.tgz (sha512-OWND8ei3VtNC9h7V60qff3SVobHr996CTwgxubgyQYEpg290h9J0buyECNNJexkFm5sOajh5G116RYA1c8ZMSw==) seems to be corrupted. Trying again.
npm warn tarball tarball data for mz@https://registry.npmjs.org/mz/-/mz-2.7.0.tgz (sha512-z81GNO7nnYMEhrGh9LeymoE4+Yr0Wn5McHIZMK5cfQCl+NDX08sCZgUc9/6MHni9IWuFLm1Z3HTCXu2z9fN62Q==) seems to be corrupted. Trying again.
npm warn tarball tarball data for ms@https://registry.npmjs.org/ms/-/ms-2.1.3.tgz (sha512-6FlzubTLZG3J2a/NVCAleEhjzq5oxgHyaCU9yYXvcLsvoVaHJq/s5xXI6/XXP6tz7R9xAOtHnSO/tXtF3WRTlA==) seems to be corrupted. Trying again.
npm warn tarball tarball data for marked-terminal@https://registry.npmjs.org/marked-terminal/-/marked-terminal-7.3.0.tgz (sha512-t4rBvPsHc57uE/2nJOLmMbZCQ4tgAccAED3ngXQqW6g+TxA488JzJ+FK3lQkzBQOI1mRV/r/Kq+1ZlJ4D0owQw==) seems to be corrupted. Trying again.
npm warn tarball tarball data for nanospinner@https://registry.npmjs.org/nanospinner/-/nanospinner-1.2.2.tgz (sha512-Zt/AmG6qRU3e+WnzGGLuMCEAO/dAu45stNbHY223tUxldaDAeE+FxSPsd9Q+j+paejmm0ZbrNVs5Sraqy3dRxA==) seems to be corrupted. Trying again.
npm warn tarball tarball data for lodash.merge@https://registry.npmjs.org/lodash.merge/-/lodash.merge-4.6.2.tgz (sha512-0KpjqXRVvrYyCsX1swR/XTK0va6VQkQM6MNo7PqW77ByjAhoARA8EfrP1N4+KlKj8YS0ZUCtRT/YUuhyYDujIQ==) seems to be corrupted. Trying again.
npm warn tarball tarball data for locate-path@https://registry.npmjs.org/locate-path/-/locate-path-6.0.0.tgz (sha512-iPZK6eYjbxRu3uB4/WZ3EsEIMJFMqAoopl3R+zuq0UjcAm/MO6KCweDgPfP3elTztoKP3KtnVHxTn2NHBSDVUw==) seems to be corrupted. Trying again.
npm warn tarball tarball data for lilconfig@https://registry.npmjs.org/lilconfig/-/lilconfig-3.1.3.tgz (sha512-/vlFKAoH5Cgt3Ie+JLhRbwOsCQePABiU3tJ1egGvyQ+33R/vcwM2Zl2QR/LzjsBeItPt3oSVXapn+m4nQDvpzw==) seems to be corrupted. Trying again.
npm warn tarball tarball data for lightningcss-linux-x64-gnu@https://registry.npmjs.org/lightningcss-linux-x64-gnu/-/lightningcss-linux-x64-gnu-1.33.0.tgz (sha512-ar+Ju7LmcN0Jo4FpL4hpFybwNG9/3A/Br5KW2n2jyODg3MEZXaDYADdemoNS+BDNfMgKvylJLj4S5tyRActuAg==) seems to be corrupted. Trying again.
npm warn tarball tarball data for node-emoji@https://registry.npmjs.org/node-emoji/-/node-emoji-2.2.0.tgz (sha512-Z3lTE9pLaJF47NyMhd4ww1yFTAP8YhYI8SleJiHzM46Fgpm5cnNzSl9XfzFNqbaz+VlJrIj3fXQ4DeN1Rjm6cw==) seems to be corrupted. Trying again.
npm warn tarball tarball data for lightningcss-linux-x64-musl@https://registry.npmjs.org/lightningcss-linux-x64-musl/-/lightningcss-linux-x64-musl-1.33.0.tgz (sha512-RYiYbkokw0trfKqqzfF55lginwEPrD3OJDfTuJzFs1MK6iFnDenaz1fqLLtX4ITG3OktJQXOeTaw1awrBAlZPw==) seems to be corrupted. Trying again.
npm warn tarball tarball data for json-stable-stringify-without-jsonify@https://registry.npmjs.org/json-stable-stringify-without-jsonify/-/json-stable-stringify-without-jsonify-1.0.1.tgz (sha512-Bdboy+l7tA3OGW6FjyFHWkP5LuByj1Tk33Ljyq0axyzdk9//JSi2u3fP1QSmd1KNwq6VOKYGlAu87CisVir6Pw==) seems to be corrupted. Trying again.
npm warn tarball tarball data for magicast@https://registry.npmjs.org/magicast/-/magicast-0.5.5.tgz (sha512-UicdXN8zQ3JHlxVq+28afMXPr1z7WNY6+7EJnzTdQWkTAlMLF5fNCCKxJHBQwGaNGR11581EiQmQzx73+MvszA==) seems to be corrupted. Trying again.
npm warn tarball tarball data for marked@https://registry.npmjs.org/marked/-/marked-9.1.6.tgz (sha512-jcByLnIFkd5gSXZmjNvS1TlmRhCXZjIzHYlaGkPlLIekG55JDR2Z4va9tZwCiP+/RDERiNhMOFu01xd6O5ct1Q==) seems to be corrupted. Trying again.
npm warn tarball tarball data for magic-string@https://registry.npmjs.org/magic-string/-/magic-string-1.4.3.tgz (sha512-z12OxmaPGE0F4xlpGdjuAUckipLpQlTAuAmyGhNoD7ODpYUzvDfvtxUbjM/jwznyP178oju/KDdyi220wNJ0RQ==) seems to be corrupted. Trying again.
npm warn tarball tarball data for lru-cache@https://registry.npmjs.org/lru-cache/-/lru-cache-11.5.3.tgz (sha512-U4N8FgzmWxc8k1VH8Kr6lQg18U7Fjvby6wXHVRX/ZZ7IwWbRMgrRbP0Wrb5q5NVinryp4SQampHKdvtecItxUg==) seems to be corrupted. Trying again.
npm warn tarball tarball data for json-schema-traverse@https://registry.npmjs.org/json-schema-traverse/-/json-schema-traverse-0.4.1.tgz (sha512-xbbCH5dCYU5T8LcEhhuh7HJ88HXuW3qsI3Y0zOZFKfZEHcpWiHU/Jxzk629Brsab/mMiHQti9wMP+845RPe3Vg==) seems to be corrupted. Trying again.
npm warn tarball tarball data for js-tokens@https://registry.npmjs.org/js-tokens/-/js-tokens-10.0.0.tgz (sha512-lM/UBzQmfJRo9ABXbPWemivdCW8V2G8FHaHdypQaIy523snUjog0W71ayWXTjiR+ixeMyVHN2XcpnTd/liPg/Q==) seems to be corrupted. Trying again.
npm warn tarball tarball data for keyv@https://registry.npmjs.org/keyv/-/keyv-5.6.0.tgz (sha512-CYDD3SOtsHtyXeEORYRx2qBtpDJFjRTGXUtmNEMGyzYOKj1TE3tycdlho7kA1Ufx9OYWZzg52QFBGALTirzDSw==) seems to be corrupted. Trying again.
npm warn tarball tarball data for levn@https://registry.npmjs.org/levn/-/levn-0.4.1.tgz (sha512-+bT2uH4E5LGE7h/n3evcS/sQlJXCpIp6ym8OWJ5eV6+67Dsql/LaaT7qJBAt2rzfoa/5QBGBhxDix1dMt2kQKQ==) seems to be corrupted. Trying again.
npm warn tarball tarball data for lightningcss@https://registry.npmjs.org/lightningcss/-/lightningcss-1.33.0.tgz (sha512-WkUDrojuJs0xkgGf2udWxa3yGBRxPtxUkB79i6aCZLRgc7PM8fZe9TosfPDcvEpQZbuFASnHYmRLBLUbmLOIIA==) seems to be corrupted. Trying again.
npm warn tarball tarball data for is-glob@https://registry.npmjs.org/is-glob/-/is-glob-4.0.3.tgz (sha512-xelSayHH36ZgE7ZWhli7pW34hNbNl8Ojv5KVmkJD4hBdD3th8Tfk9vYasLM+mXWOZhFkgZfxhLSnrwRr4elSSg==) seems to be corrupted. Trying again.
npm warn tarball tarball data for is-fullwidth-code-point@https://registry.npmjs.org/is-fullwidth-code-point/-/is-fullwidth-code-point-3.0.0.tgz (sha512-zymm5+u+sCsSWyD9qNaejV3DFvhCKclKdizYaJUuHA83RLjb7nSuGnddCHGv0hk+KY7BMAlsWeK4Ueg6EV6XQg==) seems to be corrupted. Trying again.
npm warn tarball tarball data for imurmurhash@https://registry.npmjs.org/imurmurhash/-/imurmurhash-0.1.4.tgz (sha512-JmXMZ6wuvDmLiHEml9ykzqO6lwFbof0GG4IkcGaENdCRDDmMVnny7s5HsIgHCbaq0w2MyPhDqkhTUgS2LU2PHA==) seems to be corrupted. Trying again.
npm warn tarball tarball data for ignore@https://registry.npmjs.org/ignore/-/ignore-5.3.2.tgz (sha512-hsBTNUqQTDwkWtcdYI2i06Y/nUBEsNEDJKjWdigLvegy8kDuJAS8uRlpkkcQpyEXL0Z/pjDy5HBmMjRCJ2gq+g==) seems to be corrupted. Trying again.
npm warn tarball tarball data for hookable@https://registry.npmjs.org/hookable/-/hookable-6.1.2.tgz (sha512-+abwxtiEA52GCVIsQqut3S/uKTbUwYIp4Pe/vv+6py5XiXBCqMZHg6pA6Y5qhgLSEys0/cYuPbO0z1QFj5ZCmg==) seems to be corrupted. Trying again.
npm warn tarball tarball data for has-flag@https://registry.npmjs.org/has-flag/-/has-flag-4.0.0.tgz (sha512-EykJT/Q1KjTWctppgIAgfSO0tKVuZUjhgMr17kqTumMl6Afv3EISleU7qZUzoXDFTAHTDC4NOoG/ZxU3EvlMPQ==) seems to be corrupted. Trying again.
npm warn tarball tarball data for jsdoc-type-pratt-parser@https://registry.npmjs.org/jsdoc-type-pratt-parser/-/jsdoc-type-pratt-parser-9.2.2.tgz (sha512-eFY7Rlscvv/BpY6UsVsjKwMhu1tJO/F4U/vC9g3yeRy/JqszuO1UP6Vdq+85G+3FP6fEw/sWR8a5ftPFY86csw==) seems to be corrupted. Trying again.
npm warn tarball tarball data for highlight.js@https://registry.npmjs.org/highlight.js/-/highlight.js-10.7.3.tgz (sha512-tzcUFauisWKNHaRkN4Wjl/ZA07gENAjFl3J/c480dprkGTg5EQstgaNFqBfUqCq54kZRIEcreTsAgF/m2quD7A==) seems to be corrupted. Trying again.
npm warn tarball tarball data for hashery@https://registry.npmjs.org/hashery/-/hashery-1.5.1.tgz (sha512-iZyKG96/JwPz1N55vj2Ie2vXbhu440zfUfJvSwEqEbeLluk7NnapfGqa7LH0mOsnDxTF85Mx8/dyR6HfqcbmbQ==) seems to be corrupted. Trying again.
npm warn tarball tarball data for isexe@https://registry.npmjs.org/isexe/-/isexe-2.0.0.tgz (sha512-RHxMLp9lnKHGHRng9QFhRCMbYAcVpn69smSGcq3f36xjgVVWThj4qqLbTLlq7Ssj8B+fIQ1EuCEGI2lKsyQeIw==) seems to be corrupted. Trying again.
npm warn tarball tarball data for is-extglob@https://registry.npmjs.org/is-extglob/-/is-extglob-2.1.1.tgz (sha512-SbKbANkN603Vi4jEZv49LeVJMn4yGwsbzZworEoyEiutsN3nJYdbO36zfhGJ6QEDpOZIFkDtnq5JRxmvl3jsoQ==) seems to be corrupted. Trying again.
npm warn tarball tarball data for get-tsconfig@https://registry.npmjs.org/get-tsconfig/-/get-tsconfig-5.0.0-beta.6.tgz (sha512-X6fBC0pmImC70gvX2zm56go9hx0MyoGVdG0tUCkg/D+Xnh5TJsOZ7iDbOdI3PvmtrDxnu1YdDufpK2QJX1Meqw==) seems to be corrupted. Trying again.
npm warn tarball tarball data for import-without-cache@https://registry.npmjs.org/import-without-cache/-/import-without-cache-0.4.1.tgz (sha512-vXoV9PjKHEednCUu01e98TkImxy67e3BJXbTIOmIq4Hyzw3IAwYRcuPkfeTzJzwyyts4kjuA73x+pWJLc4f86A==) seems to be corrupted. Trying again.
npm warn tarball tarball data for flat-cache@https://registry.npmjs.org/flat-cache/-/flat-cache-6.1.23.tgz (sha512-f++BY9pTk+983xK1FLzlLpmM0i0z+jHmx3QESGkURMXujQZz1k5wzwX6hjnQ8goaD0B+sYnDK1yZ6MTyZfUaqA==) seems to be corrupted. Trying again.
npm warn tarball tarball data for flatted@https://registry.npmjs.org/flatted/-/flatted-3.4.4.tgz (sha512-5+ybhBZANEJxaH3X5evAFatUxLfEHSr7n6kYJ+1Qd0mUqr4eu9gIf6GDbWHf8RJijHrjjO8G+la14SlL2SeS1Q==) seems to be corrupted. Trying again.
npm warn tarball tarball data for find-up@https://registry.npmjs.org/find-up/-/find-up-5.0.0.tgz (sha512-78/PXT1wlLLDgTzDs7sjq9hzz0vXD+zn+7wypEe4fXQxCmdmqfGsEPQxmiCSQI3ajFV91bVSsvNtrJRiW6nGng==) seems to be corrupted. Trying again.
npm warn tarball tarball data for hookified@https://registry.npmjs.org/hookified/-/hookified-1.15.1.tgz (sha512-MvG/clsADq1GPM2KGo2nyfaWVyn9naPiXrqIe4jYjXNZQt238kWyOGrsyc/DmRAQ+Re6yeo6yX/yoNCG5KAEVg==) seems to be corrupted. Trying again.
npm warn tarball tarball data for fflate@https://registry.npmjs.org/fflate/-/fflate-0.8.3.tgz (sha512-tbZNuJrLwGUp3zshBtdy4W+ORxZuIh8a5ilyIEQDC5rY1f3U20JMry0Ll3WBzU58EZKsEuJFXhb5gwv8CsPvgA==) seems to be corrupted. Trying again.
npm warn tarball tarball data for fast-levenshtein@https://registry.npmjs.org/fast-levenshtein/-/fast-levenshtein-2.0.6.tgz (sha512-DCXu6Ifhqcks7TZKY3Hxp3y6qphY5SJZmrWMDrKcERSOXWQdMhU9Ig/PYrzyw/ul9jOIyh0N4M0tbC5hodg8dw==) seems to be corrupted. Trying again.
npm warn tarball tarball data for fast-deep-equal@https://registry.npmjs.org/fast-deep-equal/-/fast-deep-equal-3.1.3.tgz (sha512-f3qQ9oQy9j2AhBe/H9VC91wLmKBCCU/gDOnKNAYG5hswO7BLKj09Hc5HYNz9cGI++xlpDCIgDaitVs03ATR84Q==) seems to be corrupted. Trying again.
npm warn tarball tarball data for fdir@https://registry.npmjs.org/fdir/-/fdir-6.5.0.tgz (sha512-tIbYtZbucOs0BRGqPJkshJUYdL+SDH7dVM8gjy+ERp3WAUjLEFJE+02kanyHtwjWOnwrKYBiwAmM0p4kLJAnXg==) seems to be corrupted. Trying again.
npm warn tarball tarball data for glob-parent@https://registry.npmjs.org/glob-parent/-/glob-parent-6.0.2.tgz (sha512-XxwI8EOhVQgWp6iDL+3b0r86f4d6AX6zSU55HfB4ydCEuXLXc5FcYeOu+nnGftS4TEju/11rt4KJPTMgbfmv4A==) seems to be corrupted. Trying again.
npm warn tarball tarball data for esutils@https://registry.npmjs.org/esutils/-/esutils-2.0.3.tgz (sha512-kVscqXk4OCp68SZ0dkgEKVi6/8ij300KBWTJq32P/dYeWTSwK41WyTxalN1eRmA5Z9UU/LX9D7FWSmV9SAYx6g==) seems to be corrupted. Trying again.
npm warn tarball tarball data for get-caller-file@https://registry.npmjs.org/get-caller-file/-/get-caller-file-2.0.5.tgz (sha512-DyFP3BM/3YHTQOCUL/w0OZHR0lpKeGrxotcHWcqNEdnltqFwXVfhEBQ94eIo34AfQpo0rGki4cyIiftY06h2Fg==) seems to be corrupted. Trying again.
npm warn tarball tarball data for estree-walker@https://registry.npmjs.org/estree-walker/-/estree-walker-3.0.3.tgz (sha512-7RUKfXgSMMkzt6ZuXmqapOurLGPPfgj6l9uRZ7lRGolvk0y2yocc35LdcxKC5PQZdn2DMqioAQ2NoWcrTKmm6g==) seems to be corrupted. Trying again.
npm warn tarball tarball data for esquery@https://registry.npmjs.org/esquery/-/esquery-1.7.0.tgz (sha512-Ap6G0WQwcU/LHsvLwON1fAQX9Zp0A2Y6Y/cJBl9r/JbW90Zyg4/zbG6zzKa2OTALELarYHmKu0GhpM5EO+7T0g==) seems to be corrupted. Trying again.
npm warn tarball tarball data for file-entry-cache@https://registry.npmjs.org/file-entry-cache/-/file-entry-cache-11.1.5.tgz (sha512-+PFTHITI08JIGhnNpGNI8T8inUpgZfk3GNEqfT9R2zZV2iFXg3CvqzSl/uEhs7TSGujYRELEANyDvS8Fj7+S7Q==) seems to be corrupted. Trying again.
npm warn tarball tarball data for eslint-scope@https://registry.npmjs.org/eslint-scope/-/eslint-scope-9.1.2.tgz (sha512-xS90H51cKw0jltxmvmHy2Iai1LIqrfbw57b79w/J7MfvDfkIkFZ+kj6zC3BjtUwh150HsSSdxXZcsuv72miDFQ==) seems to be corrupted. Trying again.
npm warn tarball tarball data for estraverse@https://registry.npmjs.org/estraverse/-/estraverse-5.3.0.tgz (sha512-MMdARuVEQziNTeJD8DgMqmhwR11BRQ/cBP+pLtYdSTnf3MIO8fFeiINEbX36ZdNlfU/7A9f3gUw49B3oQsvwBA==) seems to be corrupted. Trying again.
npm warn tarball tarball data for fast-json-stable-stringify@https://registry.npmjs.org/fast-json-stable-stringify/-/fast-json-stable-stringify-2.1.0.tgz (sha512-lhd/wF+Lk98HZoTCtlVraHtfh5XYijIjalXck7saUtuanSDyLMxnHhSXEDJqHxD7msR8D0uCmqlkwjCV8xvwHw==) seems to be corrupted. Trying again.
npm warn tarball tarball data for eslint-plugin-regexp@https://registry.npmjs.org/eslint-plugin-regexp/-/eslint-plugin-regexp-3.3.1.tgz (sha512-58bGUci/AaWAo1ETj6Lsnmy6QXwnSyVONRA805828nnqp7vrTwdaQMc02vtowmYB3A5OB3SLr3r5HgmfxX4dLg==) seems to be corrupted. Trying again.
npm warn tarball tarball data for eslint@https://registry.npmjs.org/eslint/-/eslint-10.12.0.tgz (sha512-npHjrHb2o4ehH3mE+YuxABR+0gyb0aVWCIolgJDArwCiHEIsonBm3ZKjel5b0U5+a+MbEvIyRCGCzD3eKKK2NA==) seems to be corrupted. Trying again.
npm warn tarball tarball data for expect-type@https://registry.npmjs.org/expect-type/-/expect-type-1.4.0.tgz (sha512-KfYbmpRm0VbLjEvVa9yGwCi9GI34xvi7A/HXYWQO65CSD2u3MczUJSuwXKFIxlGsgBQizV9q5J9NHj4VG0n+pA==) seems to be corrupted. Trying again.
npm warn tarball tarball data for escalade@https://registry.npmjs.org/escalade/-/escalade-3.2.0.tgz (sha512-WUj2qlxaQtO4g6Pq5c29GTcWGDyd8itL8zTlipgECz3JesAiiOKotd8JU6otB3PACgG6xkJUyVhboMS+bje/jA==) seems to be corrupted. Trying again.
npm warn tarball tarball data for esrecurse@https://registry.npmjs.org/esrecurse/-/esrecurse-4.3.0.tgz (sha512-KmfKL3b6G+RXvP8N1vr3Tq1kL/oCFgn2NYXEtqP8/L3pKapUA4G8cFVaoF3SU323CD4XypR/ffioHmkti6/Tag==) seems to be corrupted. Trying again.
npm warn tarball tarball data for eslint-visitor-keys@https://registry.npmjs.org/eslint-visitor-keys/-/eslint-visitor-keys-5.0.1.tgz (sha512-tD40eHxA35h0PEIZNeIjkHoDR4YjjJp34biM0mDvplBe//mB+IHCqHDGV7pxF+7MklTvighcCPPZC7ynWyjdTA==) seems to be corrupted. Trying again.
npm warn tarball tarball data for espree@https://registry.npmjs.org/espree/-/espree-11.2.0.tgz (sha512-7p3DrVEIopW1B1avAGLuCSh1jubc01H2JHc8B4qqGblmg5gI9yumBgACjWo4JlIc04ufug4xJ3SQI8HkS/Rgzw==) seems to be corrupted. Trying again.
npm warn tarball tarball data for detect-libc@https://registry.npmjs.org/detect-libc/-/detect-libc-2.1.2.tgz (sha512-Btj2BOOO83o3WyH59e8MgXsxEQVcarkUOpEYrubB0urwnN10yQ364rsiByU11nZlqWYZm05i/of7io4mzihBtQ==) seems to be corrupted. Trying again.
npm warn tarball tarball data for emoji-regex@https://registry.npmjs.org/emoji-regex/-/emoji-regex-8.0.0.tgz (sha512-MSjYzcWNOA0ewAHpz0MxpYFvwg6yjy1NG3xteoqz644VCo/RPgnr1/GGt+ic3iJTzQ8Eu3TdM14SawnVUmGE6A==) seems to be corrupted. Trying again.
npm warn tarball tarball data for deep-is@https://registry.npmjs.org/deep-is/-/deep-is-0.1.4.tgz (sha512-oIPzksmTg4/MriiaYGO+okXDT7ztn/w3Eptv/+gSIdMdKsJo0u4CfYNFJPy+4SKMuCqGw2wxnA+URMg3t8a/bQ==) seems to be corrupted. Trying again.
npm warn tarball tarball data for dts-resolver@https://registry.npmjs.org/dts-resolver/-/dts-resolver-3.0.0.tgz (sha512-1T1f+z+4tl9XD+m+0HBgWoL/nm0bOIffyWaUuUSBlFg/86IWvfx+wjNaO/ybU0AJzG9/Mi5hBUgGV6zCmWEN7Q==) seems to be corrupted. Trying again.
npm warn tarball tarball data for empathic@https://registry.npmjs.org/empathic/-/empathic-2.1.0.tgz (sha512-AnfC1ATldl49/cvZdLPDjBfrRNwbDO05aibiOtzQu3qtlbJtomNLhF30HEtn/7iBz50dlMECqATo3fG0LrdEgw==) seems to be corrupted. Trying again.
npm warn tarball tarball data for debug@https://registry.npmjs.org/debug/-/debug-4.4.3.tgz (sha512-RGwwWnwQvkVfavKVt22FGLw+xYSdzARwm0ru6DhTVA3umU5hZc28V3kO4stgYryrTlLpuvgI9GiijltAjNbcqA==) seems to be corrupted. Trying again.
npm warn tarball tarball data for comment-parser@https://registry.npmjs.org/comment-parser/-/comment-parser-1.4.9.tgz (sha512-+2AvZKjJaNq9GQljm3tr0utwrig5BL+jgJGvz5rDpGKNIp+ojcRXWUwBbh/sGIi1QCprR6PsKFakub+w1v+4hQ==) seems to be corrupted. Trying again.
npm warn tarball tarball data for defu@https://registry.npmjs.org/defu/-/defu-6.1.7.tgz (sha512-7z22QmUWiQ/2d0KkdYmANbRUVABpZ9SNYyH5vx6PZ+nE5bcC0l7uFvEfHlyld/HcGBFTL536ClDt3DEcSlEJAQ==) seems to be corrupted. Trying again.
npm warn tarball tarball data for environment@https://registry.npmjs.org/environment/-/environment-1.1.0.tgz (sha512-xUtoPkMggbz0MPyPiIWr1Kp4aeWJjDZ6SMvURhimjdZgsRuDplF5/s9hcgGhyXMhs+6vpnuoiZ2kFiu3FMnS8Q==) seems to be corrupted. Trying again.
npm warn tarball tarball data for commander@https://registry.npmjs.org/commander/-/commander-10.0.1.tgz (sha512-y4Mg2tXshplEbSGzx7amzPwKKOCGuoSRP/CjEdwwk0FOGlUbq6lKuoyDZTNZkmxHdJtp54hdfY/JUrdL7Xfdug==) seems to be corrupted. Trying again.
npm warn tarball tarball data for es-module-lexer@https://registry.npmjs.org/es-module-lexer/-/es-module-lexer-2.3.2.tgz (sha512-poHGpORABojJJucnV9KbOavETW8lBVnphkW77ER5/BQ5Fz7oXSoCNek7IH3vR5nRjdsEz926ibFYX8KtLQmdyw==) seems to be corrupted. Trying again.
npm warn tarball tarball data for color-name@https://registry.npmjs.org/color-name/-/color-name-1.1.4.tgz (sha512-dOy+3AuW3a2wNbZHIuMZpTcgjGuLU/uBL/ubcZF9OXbDo8ff4O8yVp5Bf0efS8uEoYo5q4Fx7dY9OgQGXgAsQA==) seems to be corrupted. Trying again.
npm warn tarball tarball data for emojilib@https://registry.npmjs.org/emojilib/-/emojilib-2.4.0.tgz (sha512-5U0rVMU5Y2n2+ykNLQqMoqklN9ICBT/KsvC1Gz6vqHbz2AXXGkG+Pm5rMWk/8Vjrr/mY9985Hi8DYzn1F09Nyw==) seems to be corrupted. Trying again.
npm warn tarball tarball data for chalk@https://registry.npmjs.org/chalk/-/chalk-4.1.2.tgz (sha512-oKnbhFyRIXpUuez8iBMmyEa4nbj4IOQyuhc/wy9kY7/WVPcwIO9VA668Pu8RkO7+0G76SLROeyw9CpQ061i4mA==) seems to be corrupted. Trying again.
npm warn tarball tarball data for cjs-module-lexer@https://registry.npmjs.org/cjs-module-lexer/-/cjs-module-lexer-1.4.3.tgz (sha512-9z8TZaGM1pfswYeXrUpzPrkx8UnWYdhJclsiYMm6x/w5+nN+8Tf/LnAgfLGQCm59qAOxU8WwHEq2vNwF6i4j+Q==) seems to be corrupted. Trying again.
npm warn tarball tarball data for chai@https://registry.npmjs.org/chai/-/chai-6.3.0.tgz (sha512-XWAtwJ6OHO+tj0EKCs0Y2UamnyOxseZWltU4x2U2wh8g4AigdjwvtUjvLP2tqkA/avxHEtzxNaqGq/YGNwckKg==) seems to be corrupted. Trying again.
npm warn tarball tarball data for char-regex@https://registry.npmjs.org/char-regex/-/char-regex-1.0.2.tgz (sha512-kWWXztvZ5SBQV+eRgKFeh8q5sLuZY2+8WUIzlxWVTg+oGwY14qylx1KbKzHd8P6ZYkAg0xyIDU9JMHhyJMZ1jw==) seems to be corrupted. Trying again.
npm warn tarball tarball data for escape-string-regexp@https://registry.npmjs.org/escape-string-regexp/-/escape-string-regexp-4.0.0.tgz (sha512-TtpcNJ3XAzx3Gq8sWRzJaVajRs0uVxA2YAkdb1jm2YkPz4G6egUFAyA3n5vtEIZefPk5Wa4UXbKuS5fKkJWdgA==) seems to be corrupted. Trying again.
npm warn tarball tarball data for cac@https://registry.npmjs.org/cac/-/cac-7.0.1.tgz (sha512-86diuUyeeWM8CrqhpGCaDafrzjS1s++7sWy2AbAPoFNz/xKv7ID57CR4pZsMuGCh60PtsnEx4z68b+Vgt07VPw==) seems to be corrupted. Trying again.
npm warn tarball tarball data for cross-spawn@https://registry.npmjs.org/cross-spawn/-/cross-spawn-7.0.6.tgz (sha512-uV2QOWP2nWzsy2aMp8aRibhi9dlzF5Hgh5SHaB9OiTGEyDTiJJyx0uy51QXdyWbtAHNua4XJzUKca3OzKUd3vA==) seems to be corrupted. Trying again.
npm warn tarball tarball data for color-convert@https://registry.npmjs.org/color-convert/-/color-convert-2.0.1.tgz (sha512-RRECPsj7iu/xb5oKYcsFHSppFNnsj/52OVTRKb4zP5onXwVF3zVmmToNcOfGC+CRDpfK/U584fMg38ZHCaElKQ==) seems to be corrupted. Trying again.
npm warn tarball tarball data for cli-highlight@https://registry.npmjs.org/cli-highlight/-/cli-highlight-2.1.11.tgz (sha512-9KDcoEVwyUXrjcJNvHD0NFc/hiwe/WPVYIleQh2O1N2Zro5gWJZ/K+3DGn8w8P/F6FxOgzyC5bxDyHIgCSPhGg==) seems to be corrupted. Trying again.
npm warn tarball tarball data for cli-table3@https://registry.npmjs.org/cli-table3/-/cli-table3-0.6.5.tgz (sha512-+W/5efTR7y5HRD7gACw9yQjqMVvEMLBHmboM/kPWam+H+Hmyrgjh6YncVKK122YZkXrLudzTuAukUw9FnMf7IQ==) seems to be corrupted. Trying again.
npm warn tarball tarball data for assertion-error@https://registry.npmjs.org/assertion-error/-/assertion-error-2.0.1.tgz (sha512-Izi8RQcffqCeNVgFigKli1ssklIbpHnCYc6AknXGYoB6grJqyeby7jv12JUQgmTAnIDnbck1uxksT4dzN3PWBA==) seems to be corrupted. Trying again.
npm warn tarball tarball data for cliui@https://registry.npmjs.org/cliui/-/cliui-7.0.4.tgz (sha512-OcRE68cOsVMXp1Yvonl/fzkQOyjLSu/8bhPDfQt0e0/Eb283TKP20Fs2MqoPsr9SwA595rRCA+QMzYc9nBP+JQ==) seems to be corrupted. Trying again.
npm warn tarball tarball data for ansi-escapes@https://registry.npmjs.org/ansi-escapes/-/ansi-escapes-7.3.0.tgz (sha512-BvU8nYgGQBxcmMuEeUEmNTvrMVjJNSH7RgW24vXexN4Ven6qCvy4TntnvlnwnMLTVlcRQQdbRY8NKnaIoeWDNg==) seems to be corrupted. Trying again.
npm warn tarball tarball data for ansi-styles@https://registry.npmjs.org/ansi-styles/-/ansi-styles-4.3.0.tgz (sha512-zbB9rCJAT1rbjiVDb2hqKFHNYLxgtk8NURxZ3IZwD3F6NtxbXZQCnnSi1Lkx+IDohdPlFp222wVALIheZJQSEg==) seems to be corrupted. Trying again.
npm warn tarball tarball data for acorn-jsx@https://registry.npmjs.org/acorn-jsx/-/acorn-jsx-5.3.2.tgz (sha512-rq9s+JNhf0IChjtDXxllJ7g41oZk5SlXtp0LHwyA5cejwn7vKmKp4pPri6YEePv2PU65sAsegbXtIinmDFDXgQ==) seems to be corrupted. Trying again.
npm warn tarball tarball data for brace-expansion@https://registry.npmjs.org/brace-expansion/-/brace-expansion-5.0.12.tgz (sha512-YovQ3rzhaLMIrDjNDMkNS01tea93qhEhG5xy8f6+R0l+dw3Ki+5sCoIoI942iuLZTHWogWktgwVDhU09iNEimQ==) seems to be corrupted. Trying again.
npm warn tarball tarball data for ansi-regex@https://registry.npmjs.org/ansi-regex/-/ansi-regex-6.4.0.tgz (sha512-KzTVk2tCWAHtYrvvvaP8bJKJq2pVinhLcGEQdtLIYPbmNGNyYe8QwNaTUYQp2J7/vIsUKt5QCqAfUkYyG9DkOw==) seems to be corrupted. Trying again.
npm warn tarball tarball data for balanced-match@https://registry.npmjs.org/balanced-match/-/balanced-match-4.0.4.tgz (sha512-BLrgEcRTwX2o6gGxGOCNyMvGSp35YofuYzw9h1IMTRmKqttAZZVU67bdb9Pr2vUHA8+j3i2tJfjO6C6+4myGTA==) seems to be corrupted. Trying again.
npm warn tarball tarball data for cacheable@https://registry.npmjs.org/cacheable/-/cacheable-2.5.0.tgz (sha512-60cyAOytib/OzBw1JNSoSV/boK1AtHryDIjvVBk7XbN4ugfkM3+Sry7fEjNgPMGgOjuaZPAp8ruZ0Cxafwyq9g==) seems to be corrupted. Trying again.
npm warn tarball tarball data for @yuku-toolchain/types@https://registry.npmjs.org/@yuku-toolchain/types/-/types-0.10.2.tgz (sha512-sSeo4SSSToiS+sSD+bwn/s94EEcaLJ7tG5LCp8gFYC1G5VzxzX7fqB6m9RU1yMD8KTpu6zdU/I1NlQf8hVBJ9Q==) seems to be corrupted. Trying again.
npm warn tarball tarball data for ast-v8-to-istanbul@https://registry.npmjs.org/ast-v8-to-istanbul/-/ast-v8-to-istanbul-1.0.7.tgz (sha512-kFL68AG6ajd8fg248zwM9GQrUWEp79gsmjum34OEXjs4yHuUMZfYKwOLW9GMmB4oNvVrj+EAGxsP7ye2UR9UlA==) seems to be corrupted. Trying again.
npm warn tarball tarball data for any-promise@https://registry.npmjs.org/any-promise/-/any-promise-1.3.0.tgz (sha512-7UvmKalWRt1wgjL1RrGxoSJW/0QZFIegpeGvZG9kjp8vrRu55XTHbwnqq2GpXm9uLbcuhxm3IqX9OB4MZR1b2A==) seems to be corrupted. Trying again.
npm warn tarball tarball data for @yuku-parser/binding-linux-x64-gnu@https://registry.npmjs.org/@yuku-parser/binding-linux-x64-gnu/-/binding-linux-x64-gnu-0.10.2.tgz (sha512-/nlcpR6IF5U+0m5L9wvAIXeQa2DT+BXuvqKDsTcOTlcc0B4dHNyqE5hTXsS4hAyimpy2ZK8A1zMNF5hTrjg2cg==) seems to be corrupted. Trying again.
npm warn tarball tarball data for @yuku-codegen/binding-linux-x64-musl@https://registry.npmjs.org/@yuku-codegen/binding-linux-x64-musl/-/binding-linux-x64-musl-0.10.2.tgz (sha512-Y77fyISurmr2mvO1yeq3u+x/WJbACgPR4w+lzEVx30ViCxZzIGrZPRN1yEdZ9xUNPNsIO5thBHIdRNG+UGUG+Q==) seems to be corrupted. Trying again.
npm warn tarball tarball data for @vitest/mocker@https://registry.npmjs.org/@vitest/mocker/-/mocker-5.0.3.tgz (sha512-T8sWAIbkSyAjkwTcaEc3Iu0o9A27X1/kdXrizhZkGuSKScRQtRzclfAMpOTcGdXCsqxeWlpGy3XjqaW8CpLORg==) seems to be corrupted. Trying again.
npm warn tarball tarball data for ajv@https://registry.npmjs.org/ajv/-/ajv-6.15.0.tgz (sha512-fgFx7Hfoq60ytK2c7DhnF8jIvzYgOMxfugjLOSMHjLIPgenqa7S7oaagATUq99mV6IYvN2tRmC0wnTYX6iPbMw==) seems to be corrupted. Trying again.
npm warn tarball tarball data for @vitest/spy@https://registry.npmjs.org/@vitest/spy/-/spy-5.0.3.tgz (sha512-XhFysQTB8AZ+P4gMi+Lpo99vg2AZi0qKpaB9yXQl37+CaMEAPO3iH/wGVnSyL5MPERiLezpqTVtrR6UZH5GCXg==) seems to be corrupted. Trying again.
npm warn tarball tarball data for @yuku-codegen/binding-linux-x64-gnu@https://registry.npmjs.org/@yuku-codegen/binding-linux-x64-gnu/-/binding-linux-x64-gnu-0.10.2.tgz (sha512-mVzWimEPPreaPyXIUvxsHoJzvO7ckZ5j0LgQFHz04zQIRwt9A9T2hA7K5/jYjJKkMxWG/U2VjhGNwVhtyU+uqg==) seems to be corrupted. Trying again.
npm warn tarball tarball data for acorn@https://registry.npmjs.org/acorn/-/acorn-8.19.0.tgz (sha512-oJlA3XiRm7Cyk6qFD2Jn8ak9B7jSy0qy00ADO3+8dpT0LSjFihQYv4C02LFCSYJV3Q37xYwwRy5m+IpIiUzqWw==) seems to be corrupted. Trying again.
npm warn tarball tarball data for @vitest/coverage-v8@https://registry.npmjs.org/@vitest/coverage-v8/-/coverage-v8-5.0.3.tgz (sha512-+klsyz7BvT1vCU28Zkfzms1Ia78XD0V41U3FUtRaa3S+vOr/EXvK1O6BvVD7l1RzEjm6SONR2aybOvDDf9u0mQ==) seems to be corrupted. Trying again.
npm warn tarball tarball data for @yuku-parser/binding-linux-x64-musl@https://registry.npmjs.org/@yuku-parser/binding-linux-x64-musl/-/binding-linux-x64-musl-0.10.2.tgz (sha512-GX80dxTQD/M/OryyuxJcFzFENzry3cDFPvCFTyWogNWQH3fSHfMrNfpwpl1YzMos1eV9NygK5GSDG7VArQlb4w==) seems to be corrupted. Trying again.
npm warn tarball tarball data for @typescript-eslint/scope-manager@https://registry.npmjs.org/@typescript-eslint/scope-manager/-/scope-manager-8.71.1.tgz (sha512-1YUDZXdTnXLlob03SFHBipdyMBsDVm7zoSz0ytTJ39dk5J1TgsTK03VlR/dLXG/RLLUrPcYbD4rp23BmHxHP0w==) seems to be corrupted. Trying again.
npm warn tarball tarball data for @typescript-eslint/typescript-estree@https://registry.npmjs.org/@typescript-eslint/typescript-estree/-/typescript-estree-8.71.1.tgz (sha512-pSKSEK1JJpHs6KiKVtABCE4iJK5d7FLFzDXQNBQ2oRY7LEd3UwOt3TZemTgu9syTIf56dJWlTn/pdmrO9oKUXQ==) seems to be corrupted. Trying again.
npm warn tarball tarball data for @typescript-eslint/utils@https://registry.npmjs.org/@typescript-eslint/utils/-/utils-8.71.1.tgz (sha512-CBjT6gfAz3DW2j9Q4moFnqt208Aq+506sVGXfpRcyAeqn0EpayL0mjdWoCO2t3RC7GewNrFxdeehuEaPg6DMzQ==) seems to be corrupted. Trying again.
npm warn tarball tarball data for @typescript-eslint/tsconfig-utils@https://registry.npmjs.org/@typescript-eslint/tsconfig-utils/-/tsconfig-utils-8.71.1.tgz (sha512-oTvkml5SxXhgg+WWKhod5qWQICDXtOB+/Hi9VdPKFAANJ2b7YOgMffgvzXuqog7R6A/JtrzRf128dsxummyWhg==) seems to be corrupted. Trying again.
npm warn tarball tarball data for @typescript-eslint/visitor-keys@https://registry.npmjs.org/@typescript-eslint/visitor-keys/-/visitor-keys-8.71.1.tgz (sha512-0GxiUGqMU0qXJt58cBsiG3DP8lUmBaFo2vChtUX+CT7PnR3v/VGLLrzVP4K9r1lNiZXjHYefMBbPunplr09v6w==) seems to be corrupted. Trying again.
npm warn tarball tarball data for @typescript-eslint/project-service@https://registry.npmjs.org/@typescript-eslint/project-service/-/project-service-8.71.1.tgz (sha512-Oijc9RUsohHjncg6iGi7gCtjnEjYt9FWv9u6ygK8uKcHK5eLjLAkqERQ9BaytbpceOFdk6kifPCS/zAZE+A99g==) seems to be corrupted. Trying again.
npm warn tarball tarball data for @vitest/istanbul-lib-report@https://registry.npmjs.org/@vitest/istanbul-lib-report/-/istanbul-lib-report-1.0.2.tgz (sha512-gUsfXZJbzPamoIY5TvHFiMMoXESBrUMo+xqaj+rYrWI69+EnvRlYBlP96ZnHPY4vX8kyUpgAnFUCg5wZG/HkDQ==) seems to be corrupted. Trying again.
npm warn tarball tarball data for @typescript-eslint/parser@https://registry.npmjs.org/@typescript-eslint/parser/-/parser-8.71.1.tgz (sha512-oM/5sAqz/l1v/zYK1qTOPrn2+JIrBGC1V6uNYucRO5gh6eT9vWJ/RhPbGE59byvZEUQ4VP6XkLBaS5Jti5jpvw==) seems to be corrupted. Trying again.
npm warn tarball tarball data for @types/node@https://registry.npmjs.org/@types/node/-/node-24.19.1.tgz (sha512-aS3/DG0oM05K0RIXXP+hKjinGG5IgSSVGzswZxW3O0sS3pH4/fycXundUC9XsszgKCk4gHXylTEK6hyFxVxnoQ==) seems to be corrupted. Trying again.
npm warn tarball tarball data for @vitest/istanbul-lib-coverage@https://registry.npmjs.org/@vitest/istanbul-lib-coverage/-/istanbul-lib-coverage-1.0.2.tgz (sha512-9J/JMwOf9AoJhAywhrn7ScKTL38hsWQP/qPG60OtaAFcQ5OXPwKsxZFlbnuCKmZ61m8/lGgHYnFpdyQZUvG/iA==) seems to be corrupted. Trying again.
npm warn tarball tarball data for @types/json-schema@https://registry.npmjs.org/@types/json-schema/-/json-schema-7.0.15.tgz (sha512-5+fP8P8MFNC+AyZCDxrB2pkZFPGzqQWUzpSeuuVLvm8VMcorNYavBqoFcxK8bQz4Qsbn4oUEEem4wDLfcysGHA==) seems to be corrupted. Trying again.
npm warn tarball tarball data for @typescript-eslint/type-utils@https://registry.npmjs.org/@typescript-eslint/type-utils/-/type-utils-8.71.1.tgz (sha512-kH3t3jZCYv2PZSBEWPKTariLrCaoF1CLoPitYFBJOhAGEwWnSRAtGEifrfrpBa4K9JlwWNZotgA5w3/wLSk/FQ==) seems to be corrupted. Trying again.
npm warn tarball tarball data for @typescript-eslint/types@https://registry.npmjs.org/@typescript-eslint/types/-/types-8.71.1.tgz (sha512-ybYnPTUwg3VQQOFEiBPLs8Jxl1ry2vXdn1kVKguomBbvxpetdu3MKTNDqFNUrlG8ylP9MpZosmXMFYlGQHk1oQ==) seems to be corrupted. Trying again.
npm warn tarball tarball data for @types/deep-eql@https://registry.npmjs.org/@types/deep-eql/-/deep-eql-4.0.2.tgz (sha512-c9h9dVVMigMPc4bwTvC5dxqtqJZwQPePsWjPlpSOnojbor6pGqdk541lfA7AqFQr5pB1BRdq0juY9db81BwyFw==) seems to be corrupted. Trying again.
npm warn tarball tarball data for @size-limit/file@https://registry.npmjs.org/@size-limit/file/-/file-14.2.0.tgz (sha512-ROqMjC8Pi/ogIIm79Y4u8YieXJb++MaZWbdv/am16l4cS9CxSUXmqP3igIXyv3gK3LMG6DkZdWSM5KVND2ug7g==) seems to be corrupted. Trying again.
npm warn tarball tarball data for @typescript-eslint/eslint-plugin@https://registry.npmjs.org/@typescript-eslint/eslint-plugin/-/eslint-plugin-8.71.1.tgz (sha512-nNlBf6HuotqMgZvSkWD5hNdemiBIxQ2NmrlgfcUIeZRs+BbakjscCQRq/Hb74EFVnFiSWWdL12JruqwBy3ERDw==) seems to be corrupted. Trying again.
npm warn tarball tarball data for @size-limit/rolldown@https://registry.npmjs.org/@size-limit/rolldown/-/rolldown-14.2.0.tgz (sha512-FA4DMpy/q8BE/gtGvV0hV2MVR03hPF/PwKxJoB1LUjyj6FnksVGpxuxyh0ZU1eSdrtj6tgFR67NDIcZ9fCGV/A==) seems to be corrupted. Trying again.
npm warn tarball tarball data for @types/chai@https://registry.npmjs.org/@types/chai/-/chai-5.2.3.tgz (sha512-Mw558oeA9fFbv65/y4mHtXDs9bPnFMZAL/jxdPFUpOHHIXX91mcgEHbS5Lahr+pwZFR8A7GQleRWeI6cGFC2UA==) seems to be corrupted. Trying again.
npm warn tarball tarball data for @typescript-eslint/rule-tester@https://registry.npmjs.org/@typescript-eslint/rule-tester/-/rule-tester-8.71.1.tgz (sha512-J5QUyV2J2AAFV4T61KiwqGcyxTlmEhhePfzVWoSbK3LWWBeYaJ5E1iz6DVKVM0IF3RqzKIF7JsmOFnKiZu47yA==) seems to be corrupted. Trying again.
npm warn tarball tarball data for @types/estree@https://registry.npmjs.org/@types/estree/-/estree-1.0.9.tgz (sha512-GhdPgy1el4/ImP05X05Uw4cw2/M93BCUmnEvWZNStlCzEKME4Fkk+YpoA5OiHNQmoS7Cafb8Xa3Pya8m1Qrzeg==) seems to be corrupted. Trying again.
npm warn tarball tarball data for @sindresorhus/is@https://registry.npmjs.org/@sindresorhus/is/-/is-4.6.0.tgz (sha512-t09vSN3MdfsyCHoFcTRCH/iUtG7OJ0CsjzB8cjAmKc/va/kIgeDI/TxsigdncE/4be734m0cvIYwNaV4i2XqAw==) seems to be corrupted. Trying again.
npm warn tarball tarball data for @rolldown/binding-linux-x64-musl@https://registry.npmjs.org/@rolldown/binding-linux-x64-musl/-/binding-linux-x64-musl-1.2.13.tgz (sha512-W0euZS40U4V6JkmEnVCIX9mcsL6cbXQ4X8c2w+MMOIjFg68TXUW+u3RT+2e1t1pv9mg/EP3pDtK3POXdQ7Rxyw==) seems to be corrupted. Trying again.
npm warn tarball tarball data for @rolldown/pluginutils@https://registry.npmjs.org/@rolldown/pluginutils/-/pluginutils-1.0.1.tgz (sha512-2j9bGt5Jh8hj+vPtgzPtl72j0yRxHAyumoo6TNfAjsLB04UtpSvPbPcDcBMxz7n+9CYB0c1GxQFxYRg2jimqGw==) seems to be corrupted. Trying again.
npm warn tarball tarball data for @rolldown/binding-linux-x64-gnu@https://registry.npmjs.org/@rolldown/binding-linux-x64-gnu/-/binding-linux-x64-gnu-1.2.13.tgz (sha512-J4cm80Pc6wEwV5AZ42o62sIQgDk+Y7R2s646jIwuvO+4V46QB58N4vVuMPWCBaNgursXLpmUWJV//WQAkPvHBQ==) seems to be corrupted. Trying again.
npm warn tarball tarball data for @quansync/fs@https://registry.npmjs.org/@quansync/fs/-/fs-1.1.0.tgz (sha512-qAPG/t3HqML1TlN7sY/pTbEjzFVAKsMjNNMGheyDosro+kT4iw2KCUoHcVdmliwWjorm4elZbgNQyU2eD97eDg==) seems to be corrupted. Trying again.
npm warn tarball tarball data for @loaderkit/resolve@https://registry.npmjs.org/@loaderkit/resolve/-/resolve-1.0.6.tgz (sha512-G8FdIoF5CypfwmD9rl8BXod5HDn8JqB0CCNBXDTaRZ+yRYhARrrSToX1zg1zy9jX3zLqigsELwhT4gNtkdQAUg==) seems to be corrupted. Trying again.
npm warn tarball tarball data for @oxc-project/types@https://registry.npmjs.org/@oxc-project/types/-/types-0.153.0.tgz (sha512-jSNrRIyvPVLL5E1z/tS5zLAprosGz/FuI1PWwEOz59j3E4TTTzSpqKb/RDGqJhhW0QHYISGXxq582wGx6T11Tw==) seems to be corrupted. Trying again.
npm warn tarball tarball data for @jridgewell/sourcemap-codec@https://registry.npmjs.org/@jridgewell/sourcemap-codec/-/sourcemap-codec-1.6.0.tgz (sha512-T7jf+5zgsZHwNJ4lvQ7/aezbyk0nNX+zJVWpmHA7VYsEx7a7qr5Rg5IbtJFqkgze5Y2sruq1RUY8Q837Od7iFw==) seems to be corrupted. Trying again.
npm warn tarball tarball data for @keyv/bigmap@https://registry.npmjs.org/@keyv/bigmap/-/bigmap-1.3.1.tgz (sha512-WbzE9sdmQtKy8vrNPa9BRnwZh5UF4s1KTmSK0KUVLo3eff5BlQNNWDnFOouNpKfPKDnms9xynJjsMYjMaT/aFQ==) seems to be corrupted. Trying again.
npm warn tarball tarball data for @jridgewell/resolve-uri@https://registry.npmjs.org/@jridgewell/resolve-uri/-/resolve-uri-3.1.2.tgz (sha512-bRISgCIjP20/tbWSPWMEi54QVPRZExkuD9lJL+UIxUKtwVJA8wW1Trb1jMs1RFXo1CBTNZ/5hpC9QvmKWdopKw==) seems to be corrupted. Trying again.
npm warn tarball tarball data for @humanwhocodes/retry@https://registry.npmjs.org/@humanwhocodes/retry/-/retry-0.4.3.tgz (sha512-bV0Tgo9K4hfPCek+aMAn81RppFKv2ySDQeMoSZuvTASywNTnVJCArCZE2FWqpvIatKu7VMRLWlR1EazvVhDyhQ==) seems to be corrupted. Trying again.
npm warn tarball tarball data for @jridgewell/trace-mapping@https://registry.npmjs.org/@jridgewell/trace-mapping/-/trace-mapping-0.3.31.tgz (sha512-zzNR+SdQSDJzc8joaeP8QQoCQr8NuYx2dIIytl1QeBEZHJ9uW6hebsrYgbz8hJwUQao3TWCMtmfV8Nu1twOLAw==) seems to be corrupted. Trying again.
npm warn tarball tarball data for @publint/pack@https://registry.npmjs.org/@publint/pack/-/pack-0.1.7.tgz (sha512-4EDEmvxWtgsCnnVeBvtFIFZtUhPPt1+bA9JrSwU4Sa//6oKtzCSlGGXYJr44OD9aGISymbieJ4mCKHUygUDU+g==) seems to be corrupted. Trying again.
npm warn tarball tarball data for @humanfs/types@https://registry.npmjs.org/@humanfs/types/-/types-0.15.0.tgz (sha512-ZZ1w0aoQkwuUuC7Yf+7sdeaNfqQiiLcSRbfI08oAxqLtpXQr9AIVX7Ay7HLDuiLYAaFPu8oBYNq/QIi9URHJ3Q==) seems to be corrupted. Trying again.
npm warn tarball tarball data for @size-limit/preset-small-lib@https://registry.npmjs.org/@size-limit/preset-small-lib/-/preset-small-lib-14.2.0.tgz (sha512-OG0U91dv2eyMIjwnrM+FX37GgpDbLHFScIE30/dQhIK1fcw7LtEhIxPzugScJlwEAIpD/d+r9xCQHkEZEDQiyw==) seems to be corrupted. Trying again.
npm warn tarball tarball data for @humanfs/core@https://registry.npmjs.org/@humanfs/core/-/core-0.19.2.tgz (sha512-UhXNm+CFMWcbChXywFwkmhqjs3PRCmcSa/hfBgLIb7oQ5HNb1wS0icWsGtSAUNgefHeI+eBrA8I1fxmbHsGdvA==) seems to be corrupted. Trying again.
npm warn tarball tarball data for @keyv/serialize@https://registry.npmjs.org/@keyv/serialize/-/serialize-1.1.1.tgz (sha512-dXn3FZhPv0US+7dtJsIi2R+c7qWYiReoEh5zUntWCf4oSpMNib8FDhSoed6m3QyZdx5hK7iLFkYk3rNxwt8vTA==) seems to be corrupted. Trying again.
npm warn tarball tarball data for @eslint/object-schema@https://registry.npmjs.org/@eslint/object-schema/-/object-schema-3.0.5.tgz (sha512-vqTaUEgxzm+YDSdElad6PiRoX4t8VGDjCtt05zn4nU810UIx/uNEV7/lZJ6KwFThKZOzOxzXy48da+No7HZaMw==) seems to be corrupted. Trying again.
npm warn tarball tarball data for @eslint/js@https://registry.npmjs.org/@eslint/js/-/js-10.0.1.tgz (sha512-zeR9k5pd4gxjZ0abRoIaxdc7I3nDktoXZk2qOv9gCNWx3mVwEn32VRhyLaRsDiJjTs0xq/T8mfPtyuXu7GWBcA==) seems to be corrupted. Trying again.
npm warn tarball tarball data for @humanfs/node@https://registry.npmjs.org/@humanfs/node/-/node-0.16.8.tgz (sha512-gE1eQNZ3R++kTzFUpdGlpmy8kDZD/MLyHqDwqjkVQI0JMdI1D51sy1H958PNXYkM2rAac7e5/CnIKZrHtPh3BQ==) seems to be corrupted. Trying again.
npm warn tarball tarball data for @types/esrecurse@https://registry.npmjs.org/@types/esrecurse/-/esrecurse-4.3.1.tgz (sha512-xJBAbDifo5hpffDBuHl0Y8ywswbiAp/Wi7Y/GtAgSlZyIABppyurxVueOPE8LUQOxdlgi6Zqce7uoEpqNTeiUw==) seems to be corrupted. Trying again.
npm warn tarball tarball data for @eslint/config-helpers@https://registry.npmjs.org/@eslint/config-helpers/-/config-helpers-0.7.0.tgz (sha512-DObd/KKUsU+FaFv4PLxSRenpXfQWmPXXP3pPZ6/K1PCrMu2vQpMDMuQe/BqYeoLcz8ro0bVDF1RxOJgfVEdhUw==) seems to be corrupted. Trying again.
npm warn tarball tarball data for @eslint-community/eslint-utils@https://registry.npmjs.org/@eslint-community/eslint-utils/-/eslint-utils-4.10.1.tgz (sha512-cuadcxVFE8sDK6iWJbs8Sn0av2Nrh2QSGQhVlBW9AaAHqHwjWsZHT8LJ4hFGPh7ASBV2deFdM7H/DPjulmh8rg==) seems to be corrupted. Trying again.
npm warn tarball tarball data for @eslint/plugin-kit@https://registry.npmjs.org/@eslint/plugin-kit/-/plugin-kit-0.7.3.tgz (sha512-IkO+/KEUvwbVpiURZg+P7zF74z5Jxe0UgJxVni+RtoHQ6IZieXaO02kmadomap/q+l6bc/jdPGGqTjhuZnuz1Q==) seems to be corrupted. Trying again.
npm warn tarball tarball data for @humanwhocodes/module-importer@https://registry.npmjs.org/@humanwhocodes/module-importer/-/module-importer-1.0.1.tgz (sha512-bxveV4V8v5Yb4ncFTT3rPSgZBOpCkjfK0y4oVVVJwIuDVBRMDXrPyXRL988i5ap9m9bnyEEjWfm5WkBmtffLfA==) seems to be corrupted. Trying again.
npm warn tarball tarball data for @eslint-community/regexpp@https://registry.npmjs.org/@eslint-community/regexpp/-/regexpp-4.12.2.tgz (sha512-EriSTlt5OC9/7SXkRSCAhfSxxoSUgBm33OH+IkwbdpgoqsSsUg7y3uh+IICI/Qg4BBWr3U2i39RpmycbxMq4ew==) seems to be corrupted. Trying again.
npm warn tarball tarball data for @eslint/core@https://registry.npmjs.org/@eslint/core/-/core-1.2.1.tgz (sha512-MwcE1P+AZ4C6DWlpin/OmOA54mmIZ/+xZuJiQd4SyB29oAJjN30UW9wkKNptW2ctp4cEsvhlLY/CsQ1uoHDloQ==) seems to be corrupted. Trying again.
npm warn tarball tarball data for @cacheable/utils@https://registry.npmjs.org/@cacheable/utils/-/utils-2.5.0.tgz (sha512-buipgOVDkkPXNR5+xBpDw7Zk2n1EvU7qBJCNUcL7rhQ//kfpOXPAvQ511Os0vpLYJ1pZnvudNytkQt2hst3wqA==) seems to be corrupted. Trying again.
npm warn tarball tarball data for @eslint/config-array@https://registry.npmjs.org/@eslint/config-array/-/config-array-0.23.5.tgz (sha512-Y3kKLvC1dvTOT+oGlqNQ1XLqK6D1HU2YXPc52NmAlJZbMMWDzGYXMiPRJ8TYD39muD/OTjlZmNJ4ib7dvSrMBA==) seems to be corrupted. Trying again.
npm warn tarball tarball data for @bcoe/v8-coverage@https://registry.npmjs.org/@bcoe/v8-coverage/-/v8-coverage-1.0.2.tgz (sha512-6zABk/ECA/QYSCQ1NGiVwwbQerUCZ+TQbp64Q3AgmfNvurHH0j8TtXa1qbShXA6qqkpAj4V5W8pP6mLe1mcMqA==) seems to be corrupted. Trying again.
npm warn tarball tarball data for @braidai/lang@https://registry.npmjs.org/@braidai/lang/-/lang-1.1.2.tgz (sha512-qBcknbBufNHlui137Hft8xauQMTZDKdophmLFv05r2eNmdIv/MlPuP4TdUknHG68UdWLgVZwgxVe735HzJNIwA==) seems to be corrupted. Trying again.
npm warn tarball tarball data for @babel/helper-validator-identifier@https://registry.npmjs.org/@babel/helper-validator-identifier/-/helper-validator-identifier-7.29.7.tgz (sha512-qehxGkRj55h/ff8EMaJ+cYhyaKlHIxqYDn682wQD7RNp9UujOQsHog2uS0r2vzr4pW+sXf90NeeayjcNaX3fFg==) seems to be corrupted. Trying again.
npm warn tarball tarball data for @colors/colors@https://registry.npmjs.org/@colors/colors/-/colors-1.5.0.tgz (sha512-ooWCrlZP11i8GImSjTHYHLkvFDP48nS4+204nGb1RiX/WXYHmJA2III9/e2DWVabCESdW7hBAEzHRqUn9OUVvQ==) seems to be corrupted. Trying again.
npm warn tarball tarball data for @babel/parser@https://registry.npmjs.org/@babel/parser/-/parser-7.29.9.tgz (sha512-CjXrNHTnvqBVqHgdBysY3vk2T8tpJHb5/RMeHJBTyVa9xgugCB0CJTx/3oO8RV2QRQP391RWpB7D6hLjm8V9uA==) seems to be corrupted. Trying again.
npm warn tarball tarball data for @babel/types@https://registry.npmjs.org/@babel/types/-/types-7.29.8.tgz (sha512-Vj1jF3cPfxg7OAfoI7QnVKLoILlm2JF9pnVHrX8qx7AHMiYWT+NDAA7jChlNgRS4WTLc/fD1lXLmPixluj+3Gg==) seems to be corrupted. Trying again.
npm warn tarball tarball data for @cacheable/memory@https://registry.npmjs.org/@cacheable/memory/-/memory-2.2.0.tgz (sha512-CTLKqLItRCEixEAewD3/j9DB3/o96gpTPD4eJ1v+DGOlxZRZncRQkGYqqnAGCscYd6RNeXfGeiuCphsPtqyIfQ==) seems to be corrupted. Trying again.
npm warn tarball tarball data for @babel/helper-string-parser@https://registry.npmjs.org/@babel/helper-string-parser/-/helper-string-parser-7.29.7.tgz (sha512-Pb5ijPrZ89GDH8223L4UP8i6QApWxs04RbPQJTeWDV0/keR2E36MeKnyr6LYmUUvqRRI+Iv87SuF1W6ErINzYw==) seems to be corrupted. Trying again.
npm warn tarball tarball data for @arethetypeswrong/core@https://registry.npmjs.org/@arethetypeswrong/core/-/core-0.18.5.tgz (sha512-9ytjzGwxjm9Uz7I9avfbt5vlQt6uk9uRRESzJjqrznl6WKvI6dwYTo+vJ3U02Wrq/mR3iql/PzhvHhKdJIAjDQ==) seems to be corrupted. Trying again.
npm warn tarball tarball data for ansi-regex@https://registry.npmjs.org/ansi-regex/-/ansi-regex-5.0.1.tgz (sha512-quJQXlTSUGL2LH9SUXo8VwsY4soanhgo6LNSm84E1LBcE8s3O0wpdiRzyR9z/ZZJMlMWv37qOOb9pdJlMUEKFQ==) seems to be corrupted. Trying again.
npm warn tarball tarball data for fflate@https://registry.npmjs.org/fflate/-/fflate-0.8.2.tgz (sha512-cPJU47OaAoCbg0pBvzsgpTPhmhqI5eJjh/JIu8tPj5q+T7iLvW/JAYUqmE7KOB4R1ZyEhzBaIQpQpardBF5z8A==) seems to be corrupted. Trying again.
npm warn tarball tarball data for obug@https://registry.npmjs.org/obug/-/obug-3.0.0.tgz (sha512-5vvB5+W7ePv+p3uqxi+RcW1XAzLW0/hxt3/4X4Lc4qHudzOhmBiBwOY6DRob4WnanAEGvNcLjF+KNOufrUoEQw==) seems to be corrupted. Trying again.
npm warn tarball tarball data for @arethetypeswrong/cli@https://registry.npmjs.org/@arethetypeswrong/cli/-/cli-0.18.5.tgz (sha512-gM+8vRsQOD/Uc7EnBedUhkG5OCsDWE4uoak5QvomGpMpaky0Eh41p04nIMgrWb8EOmqZUJGc6zz9hsP6E56R7g==) seems to be corrupted. Trying again.
npm warn tarball tarball data for hookified@https://registry.npmjs.org/hookified/-/hookified-2.2.0.tgz (sha512-p/LgFzRN5FeoD3DLS6bkUapeye6E4SI6yJs6KetENd18S+FBthqYq2amJUWpt5z0EQwwHemidjY5OqJGEKm5uA==) seems to be corrupted. Trying again.
npm warn tarball tarball data for parse5@https://registry.npmjs.org/parse5/-/parse5-6.0.1.tgz (sha512-Ofn/CTFzRGTTxwpNEs9PP93gXShHcTq255nzRYSKe8AkVpZY7e1fpmTfOyoIvjP5HG7Z2ZM7VS9PPhQGW2pOpw==) seems to be corrupted. Trying again.
npm warn tarball tarball data for @andrewbranch/untar.js@https://registry.npmjs.org/@andrewbranch/untar.js/-/untar.js-1.0.4.tgz (sha512-pVXSwPsLuw8IGLo2Di0EaOfsk+ntVvpkk942J/sHYIkwvtKUakEcPh7HBgZ6tuimgzKSEHgCvO4XgQ05DEbwDw==) seems to be corrupted. Trying again.
npm warn tarball tarball data for eslint-visitor-keys@https://registry.npmjs.org/eslint-visitor-keys/-/eslint-visitor-keys-3.4.3.tgz (sha512-wpc+LXeiyiisxPlEkUzU6svyS1frIO3Mgxj1fdy7Pm8Ygzguax2N3Fa/D/ag1WqbOprdI+uY6wMUl8/a2G+iag==) seems to be corrupted. Trying again.
npm warn tarball tarball data for typescript@https://registry.npmjs.org/typescript/-/typescript-5.6.1-rc.tgz (sha512-E3b2+1zEFu84jB0YQi9BORDjz9+jGbwwy1Zi3G0LUNw7a7cePUrHMRNy8aPh53nXpkFGVHSxIZo5vKTfYaFiBQ==) seems to be corrupted. Trying again.
npm warn tarball tarball data for ignore@https://registry.npmjs.org/ignore/-/ignore-7.0.12.tgz (sha512-/8UvqAPU9DGTI9k4mxtf49U37Isfwr8Uts96+SBHIkFxPJnHS0Ew4f00sM4Scd8V8EjM0jUNtVDdv1kPdt35lg==) seems to be corrupted. Trying again.
npm warn tarball tarball data for wrap-ansi@https://registry.npmjs.org/wrap-ansi/-/wrap-ansi-7.0.0.tgz (sha512-YVGIj2kamLSTxw6NsZjoBxfSwsn0ycdesmc4p+Q21c5zPuZ1pl+NfxVdxPtdHvmNVOQ6XSYG4AUtyt/Fi7D16Q==) seems to be corrupted. Trying again.
npm warn tarball tarball data for yuku-parser@https://registry.npmjs.org/yuku-parser/-/yuku-parser-0.10.2.tgz (sha512-CgaU0/PPjCAIEZ3WQroosOxTY3eeKldAN3h+vk8pMNz4+jl1CZzBR4pW+K/rRPF112VooCL5FdjJoiMNjDrL2A==) seems to be corrupted. Trying again.
npm warn tarball tarball data for yuku-ast@https://registry.npmjs.org/yuku-ast/-/yuku-ast-0.10.2.tgz (sha512-UnG9mA6giglCvSErft2/40TVFX750Sj1xgwddPLpG7J7rlr/P1wPADg9G2RK+d/1tNLtRVoLdMMOMVBB9561TQ==) seems to be corrupted. Trying again.
npm warn tarball tarball data for chalk@https://registry.npmjs.org/chalk/-/chalk-5.6.2.tgz (sha512-7NzBL0rN6fMUW+f7A6Io4h40qQlG+xGmtMxfbnH/K7TAtt8JQWVQK+6g0UXKMeVJoyV5EkkNsErQ8pVD3bLHbA==) seems to be corrupted. Trying again.
npm warn tarball tarball data for yuku-codegen@https://registry.npmjs.org/yuku-codegen/-/yuku-codegen-0.10.2.tgz (sha512-hentl2dtrF6cPjiAirtkfxfFZBA6Hdm61UqRJ7cA0qrlDNMk9PZGOjw5w1mx3E0hu/6pHcJF4dJW+D0SXHPZOA==) seems to be corrupted. Trying again.
npm warn tarball tarball data for undici-types@https://registry.npmjs.org/undici-types/-/undici-types-8.9.0.tgz (sha512-KTDyRTYX8sWmKXAikPHHSyc63CRPETMctyjKFupcC6OBLXT3xsN0e9aF7m+mIXutFWpUXuedtowG7iLOzp0kQg==) seems to be corrupted. Trying again.
npm warn tarball tarball data for verkit@https://registry.npmjs.org/verkit/-/verkit-0.4.1.tgz (sha512-mMVzj0TXExtVdlDEq+Mzp0eyOuyznNpFobNM3uAqe3HVm/Ps2c+u17BligMkZjZCA6EiXpoon8iRTer3iu40SQ==) seems to be corrupted. Trying again.
npm warn tarball tarball data for validate-npm-package-name@https://registry.npmjs.org/validate-npm-package-name/-/validate-npm-package-name-5.0.1.tgz (sha512-OljLrQ9SQdOUqTaQxqL5dEfZWrXExyyWsozYlAWFawPVNuD83igl7uJD2RTkNMbniIYgt8l81eCJGIdQF7avLQ==) seems to be corrupted. Trying again.
npm warn tarball tarball data for yocto-queue@https://registry.npmjs.org/yocto-queue/-/yocto-queue-0.1.0.tgz (sha512-rVksvsnNCdJ/ohGc6xgPwyN8eheCxsiLM8mxuE/t/mOVqJewPuO1miLpTHQiRgTKCLexL4MeAFVagts7HmNZ2Q==) seems to be corrupted. Trying again.
npm warn tarball tarball data for @types/node@https://registry.npmjs.org/@types/node/-/node-26.6.4.tgz (sha512-ldVPDCzj7fsaGZrLB0NuHuTvJcsNasysBAqMolr/cgxrLd1xbqxIr3XJiPnHHJUCxj5sNF1vnRj9aWnrVh5Jcg==) seems to be corrupted. Trying again.
npm warn tarball tarball data for uri-js@https://registry.npmjs.org/uri-js/-/uri-js-4.4.1.tgz (sha512-7rKUyy33Q1yc98pQ1DAmLtwX109F7TIfWlW1Ydo8Wl1ii1SeHieeh0HHfPeL2fMXK6z0s8ecKs9frCuLJvndBg==) seems to be corrupted. Trying again.
npm warn tarball tarball data for y18n@https://registry.npmjs.org/y18n/-/y18n-5.0.8.tgz (sha512-0pfFzegeDWJHJIAmTLRP2DwHjdF5s7jo9tuztdQxAhINCdvS+3nGINqPd00AphqJR/0LhANUS6/+7SCb98YOfA==) seems to be corrupted. Trying again.
npm warn tarball tarball data for which@https://registry.npmjs.org/which/-/which-2.0.2.tgz (sha512-BLI3Tl1TW3Pvl70l3yq3Y64i+awpwXqsGBYWkkqMtnbXgrMD+yj7rhW0kuEDxzJaYXGjEW5ogapKNMEKNMjibA==) seems to be corrupted. Trying again.
npm warn tarball tarball data for word-wrap@https://registry.npmjs.org/word-wrap/-/word-wrap-1.2.5.tgz (sha512-BN22B5eaMMI9UMtjrGd5g5eCYPpCPDUy0FJXbYsaT5zYxjFOckS53SQDE3pWkVoWpHXVb3BrYcEN4Twa55B5cA==) seems to be corrupted. Trying again.
npm warn tarball tarball data for why-is-node-running@https://registry.npmjs.org/why-is-node-running/-/why-is-node-running-3.2.1.tgz (sha512-Tb2FUhB4vUsGQlfSquQLYkApkuPAFQXGFzxWKHHumVz2dK+X1RUm/HnID4+TfIGYJ1kTcwOaCk/buYCEJr6YjQ==) seems to be corrupted. Trying again.
npm warn tarball tarball data for vite@https://registry.npmjs.org/vite/-/vite-8.3.4.tgz (sha512-IftLE8phJhdNRIGNEV4JCCvfNScoZQVfcXaN8TQropWGJtOHcu+iAB9pHcuGvmEb/kddw0LBe/jS8ztdC6xdiQ==) seems to be corrupted. Trying again.
npm warn tarball tarball data for yargs@https://registry.npmjs.org/yargs/-/yargs-16.2.2.tgz (sha512-Nt9ZJjXTv5R8MHbqby/wXQ6Gi0Bb3TcYZkR1bzuL4yB2OxWPkXknz513gEF0GoA6tn00UpbPvERW8rzCuWCA6w==) seems to be corrupted. Trying again.
npm warn tarball tarball data for yargs-parser@https://registry.npmjs.org/yargs-parser/-/yargs-parser-20.2.9.tgz (sha512-y11nGElTIV+CT3Zv9t7VKl+Q3hTQoT9a1Qzezhhl6Rp21gJ/IVTW7Z3y9EWXhuUBC2Shnf+DX0antecpAwSP8w==) seems to be corrupted. Trying again.
npm warn tarball tarball data for undici-types@https://registry.npmjs.org/undici-types/-/undici-types-7.24.6.tgz (sha512-WRNW+sJgj5OBN4/0JpHFqtqzhpbnV0GuB+OozA9gCL7a993SmU+1JBZCzLNxYsbMfIeDL+lTsphD5jN5N+n0zg==) seems to be corrupted. Trying again.
npm warn tarball tarball data for unconfig-core@https://registry.npmjs.org/unconfig-core/-/unconfig-core-7.5.0.tgz (sha512-Su3FauozOGP44ZmKdHy2oE6LPjk51M/TRRjHv2HNCWiDvfvCoxC2lno6jevMA91MYAdCdwP05QnWdWpSbncX/w==) seems to be corrupted. Trying again.
npm warn tarball tarball data for type-check@https://registry.npmjs.org/type-check/-/type-check-0.4.0.tgz (sha512-XleUoc9uwGXqjWwXaUTZAmzMcFZ5858QA2vvx1Ur5xIcixXIP+8LnFDgRplU30us6teqdlskFfu+ae4K79Ooew==) seems to be corrupted. Trying again.
npm warn tarball tarball data for unicode-emoji-modifier-base@https://registry.npmjs.org/unicode-emoji-modifier-base/-/unicode-emoji-modifier-base-1.0.0.tgz (sha512-yLSH4py7oFH3oG/9K+XWrz1pSi3dfUrWEnInbxMfArOfc1+33BlGPQtLsOYwvdMy11AwUBetYuaRxSPqgkq+8g==) seems to be corrupted. Trying again.
npm warn tarball tarball data for typescript@https://registry.npmjs.org/typescript/-/typescript-6.0.3.tgz (sha512-y2TvuxSZPDyQakkFRPZHKFm+KKVqIisdg9/CZwm9ftvKXLP8NRWj38/ODjNbr43SsoXqNuAisEf1GdCxqWcdBw==) seems to be corrupted. Trying again.
npm warn tarball tarball data for tsdown@https://registry.npmjs.org/tsdown/-/tsdown-0.23.0.tgz (sha512-BaT+ep1xnj5hdyICLd5r5SYYE+TXnI1ATePLykv9vcKpHpFTWUWRH+x1AF/E2qcu3YB6+vI8IdyxIIIffEqw5Q==) seems to be corrupted. Trying again.
npm warn tarball tarball data for vitest@https://registry.npmjs.org/vitest/-/vitest-5.0.3.tgz (sha512-xMw97S3rjdtj5dkVat7jCsqWBpvchs3RlpQctUqwJD0KkERk40vz2fJ77lDwW/Vzh/pk18eItYAzkodhSes3jQ==) seems to be corrupted. Trying again.
npm warn tarball tarball data for tree-kill@https://registry.npmjs.org/tree-kill/-/tree-kill-1.2.2.tgz (sha512-L0Orpi8qGpRG//Nd+H90vFB+3iHnue1zSSGmNOOCh1GLJ7rUKVwV2HvijphGQS2UmhUZewS9VgvxYIdgr+fG1A==) seems to be corrupted. Trying again.
npm warn tarball tarball data for supports-color@https://registry.npmjs.org/supports-color/-/supports-color-7.2.0.tgz (sha512-qpCAvRl9stuOHveKsn7HncJRvv501qIacKzQlO/+Lwxc9+0q2wLyv4Dfvt80/DPn2pqOBsJdDiogXGR9+OvwRw==) seems to be corrupted. Trying again.
npm warn tarball tarball data for ts-api-utils@https://registry.npmjs.org/ts-api-utils/-/ts-api-utils-2.5.0.tgz (sha512-OJ/ibxhPlqrMM0UiNHJ/0CKQkoKF243/AEmplt3qpRgkW8VG7IfOS41h7V8TjITqdByHzrjcS/2si+y4lIh8NA==) seems to be corrupted. Trying again.
npm warn tarball tarball data for typescript-eslint@https://registry.npmjs.org/typescript-eslint/-/typescript-eslint-8.71.1.tgz (sha512-oiNVPC3/NbV1FpaHU07l8O6ynqG9v4PAiW2WvTrAmZdR0f2HI/gE668ElMLCK7Xbsu5k2fK5C4fXNiq05j7/nQ==) seems to be corrupted. Trying again.
npm warn tarball tarball data for thenify-all@https://registry.npmjs.org/thenify-all/-/thenify-all-1.6.0.tgz (sha512-RNxQH/qI8/t3thXJDwcstUO4zeqo64+Uy/+sNVRBx4Xn2OX+OZ9oP+iJnNFqplFra2ZUVeKCSa2oVWi3T4uVmA==) seems to be corrupted. Trying again.
npm warn tarball tarball data for tinyglobby@https://registry.npmjs.org/tinyglobby/-/tinyglobby-0.2.17.tgz (sha512-wXR/dYpcqKmfWpEdZjiKJOwCNFndD0DMnrW/cYjVGttEkBfVgcLFHoNrlj47mjOVic9yyNu65alsgF4NQyTa2g==) seems to be corrupted. Trying again.
npm warn tarball tarball data for std-env@https://registry.npmjs.org/std-env/-/std-env-4.3.0.tgz (sha512-OtU/EgQ1kIm5KwqQpBC6ZEMXrZRui11w8zgfTWp8cdO9B8OaPsbA8bTHO2P+HNo1VlUTGMVBwPhydu6poeXiag==) seems to be corrupted. Trying again.
npm warn tarball tarball data for tinyrainbow@https://registry.npmjs.org/tinyrainbow/-/tinyrainbow-3.2.0.tgz (sha512-LgO3D9yZJjApUiuUfl9iFAwrtaX4+lok3wJIqttGoKCHlWUqHqbQpnxCf82L8FjgKsh4iGo78hqJwgL8F6To2A==) seems to be corrupted. Trying again.
npm warn tarball tarball data for tinybench@https://registry.npmjs.org/tinybench/-/tinybench-6.2.1.tgz (sha512-IAbQaPJIIdhVxi0mqy9lez1wEwje0UQf9F1vwtbelEG5Nbgn0nPOxCvU+mNeNS9gyJTAhrHp74CbUaSynQpZcQ==) seems to be corrupted. Trying again.
npm warn tarball tarball data for thenify@https://registry.npmjs.org/thenify/-/thenify-3.3.1.tgz (sha512-RVZSIV5IG10Hk3enotrhvz0T9em6cyHBLkH/YAZuKqd8hRkKhSfCGIcP2KUY0EPxndzANBmNllzWPwak+bheSw==) seems to be corrupted. Trying again.
npm warn tarball tarball data for source-map-js@https://registry.npmjs.org/source-map-js/-/source-map-js-1.2.2.tgz (sha512-KGj/8Y43x35aZVDtt+J4mK1hoLGHULMYfSkODJNQjNDC3oW1PqPoxMwo0pLUsWM/UEGzON/NxeHywEfNXNP3Vw==) seems to be corrupted. Trying again.
npm warn tarball tarball data for strip-ansi@https://registry.npmjs.org/strip-ansi/-/strip-ansi-6.0.1.tgz (sha512-Y38VPSHcqkFrCpFnQ9vuSXmquuv5oXOKpGeT6aGrr3o3Gc9AlVa6JBfUSOCnbxGGZF+/0ooI7KrPuUSztUdU5A==) seems to be corrupted. Trying again.
npm warn tarball tarball data for shebang-regex@https://registry.npmjs.org/shebang-regex/-/shebang-regex-3.0.0.tgz (sha512-7++dFhtcx3353uBaq8DDR4NuxBetBzC7ZQOhmTQInHEd6bSrXdiEyzCvG07Z44UYdLShWUyXt5M/yhz8ekcb1A==) seems to be corrupted. Trying again.
npm warn tarball tarball data for tinyexec@https://registry.npmjs.org/tinyexec/-/tinyexec-1.3.1.tgz (sha512-GCvB3aoys96IuDFBMcTB46JOR6mdMtAToqwiW8JlWhsoh1mhHi/xn9ss/Dg7N555GiJyEt2qzoG/NHCwM6h1EA==) seems to be corrupted. Trying again.
npm warn tarball tarball data for semver@https://registry.npmjs.org/semver/-/semver-7.8.5.tgz (sha512-Y7/KDsb8LjooZpwaqGyulO6DQlksgCncchHGk+sZIY4SBvUocMBEFH5Ur1fI4dV+Jvl0w6cjvucaIi40puRioA==) seems to be corrupted. Trying again.
npm warn tarball tarball data for supports-hyperlinks@https://registry.npmjs.org/supports-hyperlinks/-/supports-hyperlinks-3.2.0.tgz (sha512-zFObLMyZeEwzAoKCyu1B91U79K2t7ApXuQfo8OuxwXLDgcKxuwM+YvcbIhm6QWqz7mHUH1TVytR1PwVVjEuMig==) seems to be corrupted. Trying again.
npm warn tarball tarball data for string-width@https://registry.npmjs.org/string-width/-/string-width-4.2.3.tgz (sha512-wKyQRQpjJ0sIp62ErSZdGsjMJWsap5oRNihHhu6G7JVO/9jIB6UyevL+tXuOqrng8j/cxKTWyWUwvSTriiZz/g==) seems to be corrupted. Trying again.
npm warn tarball tarball data for skin-tone@https://registry.npmjs.org/skin-tone/-/skin-tone-2.0.0.tgz (sha512-kUMbT1oBJCpgrnKoSr0o6wPtvRWT9W9UKvGLwfJYO2WuahZRHOpEyL1ckyMGgMWh0UdpmaoFqKKD29WTomNEGA==) seems to be corrupted. Trying again.
npm warn tarball tarball data for require-directory@https://registry.npmjs.org/require-directory/-/require-directory-2.1.1.tgz (sha512-fGxEI7+wsG9xrvdjsrlmL22OMTTiHRwAMroiEeMgq8gzoLC/PQr7RsRDSTLUg/bZAZtF+TVIkHc6/4RIKrui+Q==) seems to be corrupted. Trying again.
npm warn tarball tarball data for rolldown-plugin-dts@https://registry.npmjs.org/rolldown-plugin-dts/-/rolldown-plugin-dts-0.28.6.tgz (sha512-qKrFtBfRfR2hP233m7Ic9zf3wv6MSYdZghWKMdEO6dRYZGlNfINJAa1P5ZVvyHh3mrcd7IJQvIY8L9vnm+v5rQ==) seems to be corrupted. Trying again.
npm warn tarball tarball data for scslre@https://registry.npmjs.org/scslre/-/scslre-0.3.0.tgz (sha512-3A6sD0WYP7+QrjbfNA2FN3FsOaGGFoekCVgTyypy53gPxhbkCIjtO6YWgdrfM+n/8sI8JeXZOIxsHjMTNxQ4nQ==) seems to be corrupted. Trying again.
npm warn tarball tarball data for size-limit@https://registry.npmjs.org/size-limit/-/size-limit-14.2.0.tgz (sha512-/h8+T+2TxSdZhKRv70gtjAfMKK72p6+FEJMqEZHjzbLXfACF6esikRT8aHqmVLQvT+9lNlAa8GOAVFC3XeI1VA==) seems to be corrupted. Trying again.
npm warn tarball tarball data for regexp-ast-analysis@https://registry.npmjs.org/regexp-ast-analysis/-/regexp-ast-analysis-0.7.1.tgz (sha512-sZuz1dYW/ZsfG17WSAG7eS85r5a0dDsvg+7BiiYR5o6lKCAtUrEwdmRmaGF6rwVj3LcmAeYkOWKEPlbPzN3Y3A==) seems to be corrupted. Trying again.
npm warn tarball tarball data for punycode@https://registry.npmjs.org/punycode/-/punycode-2.3.1.tgz (sha512-vYt7UD1U9Wg6138shLtLOvdAu+8DsC/ilFtEVHcH+wydcSpNE20AfSOduf6MkRFahL5FY7X1oU7nKVZFtfq8Fg==) seems to be corrupted. Trying again.
npm warn tarball tarball data for resolve-pkg-maps@https://registry.npmjs.org/resolve-pkg-maps/-/resolve-pkg-maps-1.0.0.tgz (sha512-seS2Tj26TBVOC2NIc2rOe2y2ZO7efxITtLZcGSOnHHNOQ7CkiUBfw0Iw2ck6xkIhPwLhKNLS8BO+hEpngQlqzw==) seems to be corrupted. Trying again.
npm warn tarball tarball data for sade@https://registry.npmjs.org/sade/-/sade-1.8.1.tgz (sha512-xal3CZX1Xlo/k4ApwCFrHVACi9fBqJ7V+mwhBsuf/1IOKbBy098Fex+Wa/5QMubw09pSZ/u8EY8PWgevJsXp1A==) seems to be corrupted. Trying again.
npm warn tarball tarball data for rolldown@https://registry.npmjs.org/rolldown/-/rolldown-1.2.13.tgz (sha512-/5apOkwWxtACcQtZ5WlrAsKS4JwXVThQPJZ3RqIruRY9UG9M8e0VlXN068xum/JRKA4aIUoJ13ghe/kGCvidiQ==) seems to be corrupted. Trying again.
npm warn tarball tarball data for shebang-command@https://registry.npmjs.org/shebang-command/-/shebang-command-2.0.0.tgz (sha512-kHxr2zZpYtdmrN1qDjrrX/Z1rR1kG8Dx+gkpK1G4eXmvXswmcE1hTWBWYUzlraYw1/yZp6YuDY77YtvbN0dmDA==) seems to be corrupted. Trying again.
npm warn tarball tarball data for refa@https://registry.npmjs.org/refa/-/refa-0.12.1.tgz (sha512-J8rn6v4DBb2nnFqkqwy6/NnTYMcgLA+sLr0iIO41qpv0n+ngb7ksag2tMRl0inb1bbO/esUwzW1vbJi7K0sI0g==) seems to be corrupted. Trying again.
npm warn tarball tarball data for qified@https://registry.npmjs.org/qified/-/qified-0.10.1.tgz (sha512-+Owyggi9IxT1ePKGafcI87ubSmxol6smwJ+RAHDQlx9+9cPwFWDiKFFCPuWhr9ignlGpZ9vDQLw67N4dcTVFEA==) seems to be corrupted. Trying again.
npm warn tarball tarball data for quansync@https://registry.npmjs.org/quansync/-/quansync-1.0.0.tgz (sha512-5xZacEEufv3HSTPQuchrvV6soaiACMFnq1H8wkVioctoH3TRha9Sz66lOxRwPK/qZj7HPiSveih9yAyh98gvqA==) seems to be corrupted. Trying again.
npm warn tarball tarball data for publint@https://registry.npmjs.org/publint/-/publint-0.3.25.tgz (sha512-WMMbn/d7JqRlfXQL/JUI4n5skC8cJ5WVr8/wT5mmiYWkUdENkZr1I5rgs2+dQPVRgoJd+JRYtB46MTsuDylw9g==) seems to be corrupted. Trying again.
npm warn tarball tarball data for p-limit@https://registry.npmjs.org/p-limit/-/p-limit-3.1.0.tgz (sha512-TYOanM3wGwNGsZN2cVTYPArw454xnXj5qmWF1bEoAc4+cU/ol7GVh7odevjp1FNHduHc3KZMcFduxU5Xc6uJRQ==) seems to be corrupted. Trying again.
npm warn tarball tarball data for picocolors@https://registry.npmjs.org/picocolors/-/picocolors-1.1.1.tgz (sha512-xceH2snhtb5M9liqDsmEw56le376mTZkEX/jEb/RxNFyegNul7eNslCXP9FDj/Lcu0X8KEyMceP2ntpaHrDEVA==) seems to be corrupted. Trying again.
npm warn tarball tarball data for prettier@https://registry.npmjs.org/prettier/-/prettier-3.9.9.tgz (sha512-Z/CJHIkdujO/OtN7nXUii0Rf3VT5SRuhjBA82Xvu2XhBUgX3nhP67T0LHceBdQLex7OOFGTox+Q5Yg8Jk2Qivg==) seems to be corrupted. Trying again.
npm warn tarball tarball data for package-manager-detector@https://registry.npmjs.org/package-manager-detector/-/package-manager-detector-1.9.0.tgz (sha512-zAMfbta9nPA8AKkA4WdmNAT8R8s6Dk0/xwPsqNnRidMFcLo1YkLuPDTgs2f64XdzS8vbLNnoJ+uUIkgbz7oRHA==) seems to be corrupted. Trying again.
npm warn tarball tarball data for prelude-ls@https://registry.npmjs.org/prelude-ls/-/prelude-ls-1.2.1.tgz (sha512-vkcDPrRZo1QZLbn5RLGPpg/WmIQ65qoWWhcGKf/b5eplkkarX0m9z8ppCat4mlOqUsWpyNuYgO3VRyrYHSzX5g==) seems to be corrupted. Trying again.
npm warn tarball tarball data for postcss@https://registry.npmjs.org/postcss/-/postcss-8.5.29.tgz (sha512-49cGhUbXj8Qenv0iTMxA1cFBzxXoctpC9Ujd77t1WcbJIr6nF/eI7g/8MgxrYldFRuAXvja7xQRwavoW7kgrxQ==) seems to be corrupted. Trying again.
npm warn tarball tarball data for path-key@https://registry.npmjs.org/path-key/-/path-key-3.1.1.tgz (sha512-ojmeN0qd+y0jszEtoY48r0Peq5dwMEkIlCOu6Q5f41lfkswXuKtYrhgoTpLnyIcHm24Uhqx+5Tqm2InSwLhE6Q==) seems to be corrupted. Trying again.
npm warn tarball tarball data for optionator@https://registry.npmjs.org/optionator/-/optionator-0.9.4.tgz (sha512-6IpQ7mKUxRcZNLIObR0hz7lxsapSSIYNZJwXPGeF0mTVqGKFIXj1DQcMoT22S3ROcLyY/rz0PWaWZ9ayWmad9g==) seems to be corrupted. Trying again.
npm warn tarball tarball data for p-locate@https://registry.npmjs.org/p-locate/-/p-locate-5.0.0.tgz (sha512-LaNjtRWUBY++zB5nE/NwcaoMylSPk+S+ZHNB1TzdbMJMny6dynpAGt7X/tl/QYq3TIeE6nxHppbo2LGymrG5Pw==) seems to be corrupted. Trying again.
npm warn tarball tarball data for picomatch@https://registry.npmjs.org/picomatch/-/picomatch-4.0.7.tgz (sha512-qcJu88Q2IWqJsDD529JKMdwGm/dvInW4HvQnRwiH9JtihJvzGOscDtHE3x1pBKeUOTysQ8kVmLnJ2kJu7yhcGA==) seems to be corrupted. Trying again.
npm warn tarball tarball data for parse5@https://registry.npmjs.org/parse5/-/parse5-5.1.1.tgz (sha512-ugq4DFI0Ptb+WWjAdOK16+u/nHfiIrcE+sh8kZMaM0WllQKLI9rOUq6c2b7cwPkXdzfQESqvoqK6ug7U/Yyzug==) seems to be corrupted. Trying again.
npm warn tarball tarball data for nanoid@https://registry.npmjs.org/nanoid/-/nanoid-3.3.20.tgz (sha512-uKdg2G3GNCKQn9byYOpxbGqrT2fGO5KRt5J/8b3pok8rT6qxGWF6hxMyJiEYtAf+FVyYuD9hRaDqX5uPFYJ4ZQ==) seems to be corrupted. Trying again.
npm warn tarball tarball data for minimatch@https://registry.npmjs.org/minimatch/-/minimatch-10.2.6.tgz (sha512-vpLQEs+VLCr1nU0BXS07maYoFwlDAH0gngQuuttxIwutDFEMHq2blX+8vpgxDdK3J1PwjCJiep77OitTZ4Ll1A==) seems to be corrupted. Trying again.
npm warn tarball tarball data for mri@https://registry.npmjs.org/mri/-/mri-1.2.0.tgz (sha512-tzzskb3bG8LvYGFF/mDTpq3jpI6Q9wc3LEmBaghu+DdCssd1FakN7Bc0hVNmEyGq1bq3RgfkCb3cmQLpNPOroA==) seems to be corrupted. Trying again.
npm warn tarball tarball data for obug@https://registry.npmjs.org/obug/-/obug-2.2.1.tgz (sha512-XrsrhT5sybtKI6wakr2SPOlGZWWYbUXZ7a0jT8/QOeAPau+1X/bSegNe5YR75oJmEZQbKningirmGOEJCIk61Q==) seems to be corrupted. Trying again.
npm warn tarball tarball data for natural-compare@https://registry.npmjs.org/natural-compare/-/natural-compare-1.4.0.tgz (sha512-OWND8ei3VtNC9h7V60qff3SVobHr996CTwgxubgyQYEpg290h9J0buyECNNJexkFm5sOajh5G116RYA1c8ZMSw==) seems to be corrupted. Trying again.
npm warn tarball tarball data for parse5-htmlparser2-tree-adapter@https://registry.npmjs.org/parse5-htmlparser2-tree-adapter/-/parse5-htmlparser2-tree-adapter-6.0.1.tgz (sha512-qPuWvbLgvDGilKc5BoicRovlT4MtYT6JfJyBOMDsKoiT+GiuP5qyrPCnR9HcPECIJJmZh5jRndyNThnhhb/vlA==) seems to be corrupted. Trying again.
npm warn tarball tarball data for path-exists@https://registry.npmjs.org/path-exists/-/path-exists-4.0.0.tgz (sha512-ak9Qy5Q7jYb2Wwcey5Fpvg2KoAc/ZIhLSLOSBmRmygPsGwkVVt0fZa0qrtMz+m6tJTAHfZQ8FnmB4MG4LWy7/w==) seems to be corrupted. Trying again.
npm warn tarball tarball data for mz@https://registry.npmjs.org/mz/-/mz-2.7.0.tgz (sha512-z81GNO7nnYMEhrGh9LeymoE4+Yr0Wn5McHIZMK5cfQCl+NDX08sCZgUc9/6MHni9IWuFLm1Z3HTCXu2z9fN62Q==) seems to be corrupted. Trying again.
npm warn tarball tarball data for nanospinner@https://registry.npmjs.org/nanospinner/-/nanospinner-1.2.2.tgz (sha512-Zt/AmG6qRU3e+WnzGGLuMCEAO/dAu45stNbHY223tUxldaDAeE+FxSPsd9Q+j+paejmm0ZbrNVs5Sraqy3dRxA==) seems to be corrupted. Trying again.
npm warn tarball tarball data for ms@https://registry.npmjs.org/ms/-/ms-2.1.3.tgz (sha512-6FlzubTLZG3J2a/NVCAleEhjzq5oxgHyaCU9yYXvcLsvoVaHJq/s5xXI6/XXP6tz7R9xAOtHnSO/tXtF3WRTlA==) seems to be corrupted. Trying again.
npm warn tarball tarball data for lilconfig@https://registry.npmjs.org/lilconfig/-/lilconfig-3.1.3.tgz (sha512-/vlFKAoH5Cgt3Ie+JLhRbwOsCQePABiU3tJ1egGvyQ+33R/vcwM2Zl2QR/LzjsBeItPt3oSVXapn+m4nQDvpzw==) seems to be corrupted. Trying again.
npm warn tarball tarball data for locate-path@https://registry.npmjs.org/locate-path/-/locate-path-6.0.0.tgz (sha512-iPZK6eYjbxRu3uB4/WZ3EsEIMJFMqAoopl3R+zuq0UjcAm/MO6KCweDgPfP3elTztoKP3KtnVHxTn2NHBSDVUw==) seems to be corrupted. Trying again.
npm warn tarball tarball data for lodash.merge@https://registry.npmjs.org/lodash.merge/-/lodash.merge-4.6.2.tgz (sha512-0KpjqXRVvrYyCsX1swR/XTK0va6VQkQM6MNo7PqW77ByjAhoARA8EfrP1N4+KlKj8YS0ZUCtRT/YUuhyYDujIQ==) seems to be corrupted. Trying again.
npm warn tarball tarball data for lightningcss-linux-x64-gnu@https://registry.npmjs.org/lightningcss-linux-x64-gnu/-/lightningcss-linux-x64-gnu-1.33.0.tgz (sha512-ar+Ju7LmcN0Jo4FpL4hpFybwNG9/3A/Br5KW2n2jyODg3MEZXaDYADdemoNS+BDNfMgKvylJLj4S5tyRActuAg==) seems to be corrupted. Trying again.
npm warn tarball tarball data for marked@https://registry.npmjs.org/marked/-/marked-9.1.6.tgz (sha512-jcByLnIFkd5gSXZmjNvS1TlmRhCXZjIzHYlaGkPlLIekG55JDR2Z4va9tZwCiP+/RDERiNhMOFu01xd6O5ct1Q==) seems to be corrupted. Trying again.
npm warn tarball tarball data for node-emoji@https://registry.npmjs.org/node-emoji/-/node-emoji-2.2.0.tgz (sha512-Z3lTE9pLaJF47NyMhd4ww1yFTAP8YhYI8SleJiHzM46Fgpm5cnNzSl9XfzFNqbaz+VlJrIj3fXQ4DeN1Rjm6cw==) seems to be corrupted. Trying again.
npm warn tarball tarball data for object-assign@https://registry.npmjs.org/object-assign/-/object-assign-4.1.1.tgz (sha512-rJgTQnkUnH1sFw8yT6VSU3zD3sWmu6sZhIseY8VX+GRu3P6F7Fu+JNDoXfklElbLJSnc3FUQHVe4cU5hj+BcUg==) seems to be corrupted. Trying again.
npm warn tarball tarball data for json-stable-stringify-without-jsonify@https://registry.npmjs.org/json-stable-stringify-without-jsonify/-/json-stable-stringify-without-jsonify-1.0.1.tgz (sha512-Bdboy+l7tA3OGW6FjyFHWkP5LuByj1Tk33Ljyq0axyzdk9//JSi2u3fP1QSmd1KNwq6VOKYGlAu87CisVir6Pw==) seems to be corrupted. Trying again.
npm warn tarball tarball data for lru-cache@https://registry.npmjs.org/lru-cache/-/lru-cache-11.5.3.tgz (sha512-U4N8FgzmWxc8k1VH8Kr6lQg18U7Fjvby6wXHVRX/ZZ7IwWbRMgrRbP0Wrb5q5NVinryp4SQampHKdvtecItxUg==) seems to be corrupted. Trying again.
npm warn tarball tarball data for magicast@https://registry.npmjs.org/magicast/-/magicast-0.5.5.tgz (sha512-UicdXN8zQ3JHlxVq+28afMXPr1z7WNY6+7EJnzTdQWkTAlMLF5fNCCKxJHBQwGaNGR11581EiQmQzx73+MvszA==) seems to be corrupted. Trying again.
npm warn tarball tarball data for lightningcss-linux-x64-musl@https://registry.npmjs.org/lightningcss-linux-x64-musl/-/lightningcss-linux-x64-musl-1.33.0.tgz (sha512-RYiYbkokw0trfKqqzfF55lginwEPrD3OJDfTuJzFs1MK6iFnDenaz1fqLLtX4ITG3OktJQXOeTaw1awrBAlZPw==) seems to be corrupted. Trying again.
npm warn tarball tarball data for marked-terminal@https://registry.npmjs.org/marked-terminal/-/marked-terminal-7.3.0.tgz (sha512-t4rBvPsHc57uE/2nJOLmMbZCQ4tgAccAED3ngXQqW6g+TxA488JzJ+FK3lQkzBQOI1mRV/r/Kq+1ZlJ4D0owQw==) seems to be corrupted. Trying again.
npm warn tarball tarball data for magic-string@https://registry.npmjs.org/magic-string/-/magic-string-1.4.3.tgz (sha512-z12OxmaPGE0F4xlpGdjuAUckipLpQlTAuAmyGhNoD7ODpYUzvDfvtxUbjM/jwznyP178oju/KDdyi220wNJ0RQ==) seems to be corrupted. Trying again.
npm warn tarball tarball data for json-schema-traverse@https://registry.npmjs.org/json-schema-traverse/-/json-schema-traverse-0.4.1.tgz (sha512-xbbCH5dCYU5T8LcEhhuh7HJ88HXuW3qsI3Y0zOZFKfZEHcpWiHU/Jxzk629Brsab/mMiHQti9wMP+845RPe3Vg==) seems to be corrupted. Trying again.
npm warn tarball tarball data for js-tokens@https://registry.npmjs.org/js-tokens/-/js-tokens-10.0.0.tgz (sha512-lM/UBzQmfJRo9ABXbPWemivdCW8V2G8FHaHdypQaIy523snUjog0W71ayWXTjiR+ixeMyVHN2XcpnTd/liPg/Q==) seems to be corrupted. Trying again.
npm warn tarball tarball data for lightningcss@https://registry.npmjs.org/lightningcss/-/lightningcss-1.33.0.tgz (sha512-WkUDrojuJs0xkgGf2udWxa3yGBRxPtxUkB79i6aCZLRgc7PM8fZe9TosfPDcvEpQZbuFASnHYmRLBLUbmLOIIA==) seems to be corrupted. Trying again.
npm warn tarball tarball data for is-glob@https://registry.npmjs.org/is-glob/-/is-glob-4.0.3.tgz (sha512-xelSayHH36ZgE7ZWhli7pW34hNbNl8Ojv5KVmkJD4hBdD3th8Tfk9vYasLM+mXWOZhFkgZfxhLSnrwRr4elSSg==) seems to be corrupted. Trying again.
npm warn tarball tarball data for keyv@https://registry.npmjs.org/keyv/-/keyv-5.6.0.tgz (sha512-CYDD3SOtsHtyXeEORYRx2qBtpDJFjRTGXUtmNEMGyzYOKj1TE3tycdlho7kA1Ufx9OYWZzg52QFBGALTirzDSw==) seems to be corrupted. Trying again.
npm warn tarball tarball data for levn@https://registry.npmjs.org/levn/-/levn-0.4.1.tgz (sha512-+bT2uH4E5LGE7h/n3evcS/sQlJXCpIp6ym8OWJ5eV6+67Dsql/LaaT7qJBAt2rzfoa/5QBGBhxDix1dMt2kQKQ==) seems to be corrupted. Trying again.
npm warn tarball tarball data for is-fullwidth-code-point@https://registry.npmjs.org/is-fullwidth-code-point/-/is-fullwidth-code-point-3.0.0.tgz (sha512-zymm5+u+sCsSWyD9qNaejV3DFvhCKclKdizYaJUuHA83RLjb7nSuGnddCHGv0hk+KY7BMAlsWeK4Ueg6EV6XQg==) seems to be corrupted. Trying again.
npm warn tarball tarball data for ignore@https://registry.npmjs.org/ignore/-/ignore-5.3.2.tgz (sha512-hsBTNUqQTDwkWtcdYI2i06Y/nUBEsNEDJKjWdigLvegy8kDuJAS8uRlpkkcQpyEXL0Z/pjDy5HBmMjRCJ2gq+g==) seems to be corrupted. Trying again.
npm warn tarball tarball data for imurmurhash@https://registry.npmjs.org/imurmurhash/-/imurmurhash-0.1.4.tgz (sha512-JmXMZ6wuvDmLiHEml9ykzqO6lwFbof0GG4IkcGaENdCRDDmMVnny7s5HsIgHCbaq0w2MyPhDqkhTUgS2LU2PHA==) seems to be corrupted. Trying again.
npm warn tarball tarball data for has-flag@https://registry.npmjs.org/has-flag/-/has-flag-4.0.0.tgz (sha512-EykJT/Q1KjTWctppgIAgfSO0tKVuZUjhgMr17kqTumMl6Afv3EISleU7qZUzoXDFTAHTDC4NOoG/ZxU3EvlMPQ==) seems to be corrupted. Trying again.
npm warn tarball tarball data for hookable@https://registry.npmjs.org/hookable/-/hookable-6.1.2.tgz (sha512-+abwxtiEA52GCVIsQqut3S/uKTbUwYIp4Pe/vv+6py5XiXBCqMZHg6pA6Y5qhgLSEys0/cYuPbO0z1QFj5ZCmg==) seems to be corrupted. Trying again.
npm warn tarball tarball data for highlight.js@https://registry.npmjs.org/highlight.js/-/highlight.js-10.7.3.tgz (sha512-tzcUFauisWKNHaRkN4Wjl/ZA07gENAjFl3J/c480dprkGTg5EQstgaNFqBfUqCq54kZRIEcreTsAgF/m2quD7A==) seems to be corrupted. Trying again.
npm warn tarball tarball data for jsdoc-type-pratt-parser@https://registry.npmjs.org/jsdoc-type-pratt-parser/-/jsdoc-type-pratt-parser-9.2.2.tgz (sha512-eFY7Rlscvv/BpY6UsVsjKwMhu1tJO/F4U/vC9g3yeRy/JqszuO1UP6Vdq+85G+3FP6fEw/sWR8a5ftPFY86csw==) seems to be corrupted. Trying again.
npm warn tarball tarball data for hashery@https://registry.npmjs.org/hashery/-/hashery-1.5.1.tgz (sha512-iZyKG96/JwPz1N55vj2Ie2vXbhu440zfUfJvSwEqEbeLluk7NnapfGqa7LH0mOsnDxTF85Mx8/dyR6HfqcbmbQ==) seems to be corrupted. Trying again.
npm warn tarball tarball data for isexe@https://registry.npmjs.org/isexe/-/isexe-2.0.0.tgz (sha512-RHxMLp9lnKHGHRng9QFhRCMbYAcVpn69smSGcq3f36xjgVVWThj4qqLbTLlq7Ssj8B+fIQ1EuCEGI2lKsyQeIw==) seems to be corrupted. Trying again.
npm warn tarball tarball data for is-extglob@https://registry.npmjs.org/is-extglob/-/is-extglob-2.1.1.tgz (sha512-SbKbANkN603Vi4jEZv49LeVJMn4yGwsbzZworEoyEiutsN3nJYdbO36zfhGJ6QEDpOZIFkDtnq5JRxmvl3jsoQ==) seems to be corrupted. Trying again.
npm warn tarball tarball data for import-without-cache@https://registry.npmjs.org/import-without-cache/-/import-without-cache-0.4.1.tgz (sha512-vXoV9PjKHEednCUu01e98TkImxy67e3BJXbTIOmIq4Hyzw3IAwYRcuPkfeTzJzwyyts4kjuA73x+pWJLc4f86A==) seems to be corrupted. Trying again.
npm warn tarball tarball data for find-up@https://registry.npmjs.org/find-up/-/find-up-5.0.0.tgz (sha512-78/PXT1wlLLDgTzDs7sjq9hzz0vXD+zn+7wypEe4fXQxCmdmqfGsEPQxmiCSQI3ajFV91bVSsvNtrJRiW6nGng==) seems to be corrupted. Trying again.
npm warn tarball tarball data for get-tsconfig@https://registry.npmjs.org/get-tsconfig/-/get-tsconfig-5.0.0-beta.6.tgz (sha512-X6fBC0pmImC70gvX2zm56go9hx0MyoGVdG0tUCkg/D+Xnh5TJsOZ7iDbOdI3PvmtrDxnu1YdDufpK2QJX1Meqw==) seems to be corrupted. Trying again.
npm warn tarball tarball data for flat-cache@https://registry.npmjs.org/flat-cache/-/flat-cache-6.1.23.tgz (sha512-f++BY9pTk+983xK1FLzlLpmM0i0z+jHmx3QESGkURMXujQZz1k5wzwX6hjnQ8goaD0B+sYnDK1yZ6MTyZfUaqA==) seems to be corrupted. Trying again.
npm warn tarball tarball data for flatted@https://registry.npmjs.org/flatted/-/flatted-3.4.4.tgz (sha512-5+ybhBZANEJxaH3X5evAFatUxLfEHSr7n6kYJ+1Qd0mUqr4eu9gIf6GDbWHf8RJijHrjjO8G+la14SlL2SeS1Q==) seems to be corrupted. Trying again.
npm warn tarball tarball data for fdir@https://registry.npmjs.org/fdir/-/fdir-6.5.0.tgz (sha512-tIbYtZbucOs0BRGqPJkshJUYdL+SDH7dVM8gjy+ERp3WAUjLEFJE+02kanyHtwjWOnwrKYBiwAmM0p4kLJAnXg==) seems to be corrupted. Trying again.
npm warn tarball tarball data for fast-deep-equal@https://registry.npmjs.org/fast-deep-equal/-/fast-deep-equal-3.1.3.tgz (sha512-f3qQ9oQy9j2AhBe/H9VC91wLmKBCCU/gDOnKNAYG5hswO7BLKj09Hc5HYNz9cGI++xlpDCIgDaitVs03ATR84Q==) seems to be corrupted. Trying again.
npm warn tarball tarball data for fflate@https://registry.npmjs.org/fflate/-/fflate-0.8.3.tgz (sha512-tbZNuJrLwGUp3zshBtdy4W+ORxZuIh8a5ilyIEQDC5rY1f3U20JMry0Ll3WBzU58EZKsEuJFXhb5gwv8CsPvgA==) seems to be corrupted. Trying again.
npm warn tarball tarball data for hookified@https://registry.npmjs.org/hookified/-/hookified-1.15.1.tgz (sha512-MvG/clsADq1GPM2KGo2nyfaWVyn9naPiXrqIe4jYjXNZQt238kWyOGrsyc/DmRAQ+Re6yeo6yX/yoNCG5KAEVg==) seems to be corrupted. Trying again.
npm warn tarball tarball data for glob-parent@https://registry.npmjs.org/glob-parent/-/glob-parent-6.0.2.tgz (sha512-XxwI8EOhVQgWp6iDL+3b0r86f4d6AX6zSU55HfB4ydCEuXLXc5FcYeOu+nnGftS4TEju/11rt4KJPTMgbfmv4A==) seems to be corrupted. Trying again.
npm warn tarball tarball data for get-caller-file@https://registry.npmjs.org/get-caller-file/-/get-caller-file-2.0.5.tgz (sha512-DyFP3BM/3YHTQOCUL/w0OZHR0lpKeGrxotcHWcqNEdnltqFwXVfhEBQ94eIo34AfQpo0rGki4cyIiftY06h2Fg==) seems to be corrupted. Trying again.
npm warn tarball tarball data for fast-levenshtein@https://registry.npmjs.org/fast-levenshtein/-/fast-levenshtein-2.0.6.tgz (sha512-DCXu6Ifhqcks7TZKY3Hxp3y6qphY5SJZmrWMDrKcERSOXWQdMhU9Ig/PYrzyw/ul9jOIyh0N4M0tbC5hodg8dw==) seems to be corrupted. Trying again.
npm warn tarball tarball data for esutils@https://registry.npmjs.org/esutils/-/esutils-2.0.3.tgz (sha512-kVscqXk4OCp68SZ0dkgEKVi6/8ij300KBWTJq32P/dYeWTSwK41WyTxalN1eRmA5Z9UU/LX9D7FWSmV9SAYx6g==) seems to be corrupted. Trying again.
npm warn tarball tarball data for estree-walker@https://registry.npmjs.org/estree-walker/-/estree-walker-3.0.3.tgz (sha512-7RUKfXgSMMkzt6ZuXmqapOurLGPPfgj6l9uRZ7lRGolvk0y2yocc35LdcxKC5PQZdn2DMqioAQ2NoWcrTKmm6g==) seems to be corrupted. Trying again.
npm warn tarball tarball data for file-entry-cache@https://registry.npmjs.org/file-entry-cache/-/file-entry-cache-11.1.5.tgz (sha512-+PFTHITI08JIGhnNpGNI8T8inUpgZfk3GNEqfT9R2zZV2iFXg3CvqzSl/uEhs7TSGujYRELEANyDvS8Fj7+S7Q==) seems to be corrupted. Trying again.
npm warn tarball tarball data for eslint-scope@https://registry.npmjs.org/eslint-scope/-/eslint-scope-9.1.2.tgz (sha512-xS90H51cKw0jltxmvmHy2Iai1LIqrfbw57b79w/J7MfvDfkIkFZ+kj6zC3BjtUwh150HsSSdxXZcsuv72miDFQ==) seems to be corrupted. Trying again.
npm warn tarball tarball data for fast-json-stable-stringify@https://registry.npmjs.org/fast-json-stable-stringify/-/fast-json-stable-stringify-2.1.0.tgz (sha512-lhd/wF+Lk98HZoTCtlVraHtfh5XYijIjalXck7saUtuanSDyLMxnHhSXEDJqHxD7msR8D0uCmqlkwjCV8xvwHw==) seems to be corrupted. Trying again.
npm warn tarball tarball data for eslint-plugin-regexp@https://registry.npmjs.org/eslint-plugin-regexp/-/eslint-plugin-regexp-3.3.1.tgz (sha512-58bGUci/AaWAo1ETj6Lsnmy6QXwnSyVONRA805828nnqp7vrTwdaQMc02vtowmYB3A5OB3SLr3r5HgmfxX4dLg==) seems to be corrupted. Trying again.
npm warn tarball tarball data for escalade@https://registry.npmjs.org/escalade/-/escalade-3.2.0.tgz (sha512-WUj2qlxaQtO4g6Pq5c29GTcWGDyd8itL8zTlipgECz3JesAiiOKotd8JU6otB3PACgG6xkJUyVhboMS+bje/jA==) seems to be corrupted. Trying again.
npm warn tarball tarball data for esquery@https://registry.npmjs.org/esquery/-/esquery-1.7.0.tgz (sha512-Ap6G0WQwcU/LHsvLwON1fAQX9Zp0A2Y6Y/cJBl9r/JbW90Zyg4/zbG6zzKa2OTALELarYHmKu0GhpM5EO+7T0g==) seems to be corrupted. Trying again.
npm warn tarball tarball data for expect-type@https://registry.npmjs.org/expect-type/-/expect-type-1.4.0.tgz (sha512-KfYbmpRm0VbLjEvVa9yGwCi9GI34xvi7A/HXYWQO65CSD2u3MczUJSuwXKFIxlGsgBQizV9q5J9NHj4VG0n+pA==) seems to be corrupted. Trying again.
npm warn tarball tarball data for eslint@https://registry.npmjs.org/eslint/-/eslint-10.12.0.tgz (sha512-npHjrHb2o4ehH3mE+YuxABR+0gyb0aVWCIolgJDArwCiHEIsonBm3ZKjel5b0U5+a+MbEvIyRCGCzD3eKKK2NA==) seems to be corrupted. Trying again.
npm warn tarball tarball data for esrecurse@https://registry.npmjs.org/esrecurse/-/esrecurse-4.3.0.tgz (sha512-KmfKL3b6G+RXvP8N1vr3Tq1kL/oCFgn2NYXEtqP8/L3pKapUA4G8cFVaoF3SU323CD4XypR/ffioHmkti6/Tag==) seems to be corrupted. Trying again.
npm warn tarball tarball data for detect-libc@https://registry.npmjs.org/detect-libc/-/detect-libc-2.1.2.tgz (sha512-Btj2BOOO83o3WyH59e8MgXsxEQVcarkUOpEYrubB0urwnN10yQ364rsiByU11nZlqWYZm05i/of7io4mzihBtQ==) seems to be corrupted. Trying again.
npm warn tarball tarball data for emoji-regex@https://registry.npmjs.org/emoji-regex/-/emoji-regex-8.0.0.tgz (sha512-MSjYzcWNOA0ewAHpz0MxpYFvwg6yjy1NG3xteoqz644VCo/RPgnr1/GGt+ic3iJTzQ8Eu3TdM14SawnVUmGE6A==) seems to be corrupted. Trying again.
npm warn tarball tarball data for eslint-visitor-keys@https://registry.npmjs.org/eslint-visitor-keys/-/eslint-visitor-keys-5.0.1.tgz (sha512-tD40eHxA35h0PEIZNeIjkHoDR4YjjJp34biM0mDvplBe//mB+IHCqHDGV7pxF+7MklTvighcCPPZC7ynWyjdTA==) seems to be corrupted. Trying again.
npm warn tarball tarball data for espree@https://registry.npmjs.org/espree/-/espree-11.2.0.tgz (sha512-7p3DrVEIopW1B1avAGLuCSh1jubc01H2JHc8B4qqGblmg5gI9yumBgACjWo4JlIc04ufug4xJ3SQI8HkS/Rgzw==) seems to be corrupted. Trying again.
npm warn tarball tarball data for dts-resolver@https://registry.npmjs.org/dts-resolver/-/dts-resolver-3.0.0.tgz (sha512-1T1f+z+4tl9XD+m+0HBgWoL/nm0bOIffyWaUuUSBlFg/86IWvfx+wjNaO/ybU0AJzG9/Mi5hBUgGV6zCmWEN7Q==) seems to be corrupted. Trying again.
npm warn tarball tarball data for deep-is@https://registry.npmjs.org/deep-is/-/deep-is-0.1.4.tgz (sha512-oIPzksmTg4/MriiaYGO+okXDT7ztn/w3Eptv/+gSIdMdKsJo0u4CfYNFJPy+4SKMuCqGw2wxnA+URMg3t8a/bQ==) seems to be corrupted. Trying again.
npm warn tarball tarball data for empathic@https://registry.npmjs.org/empathic/-/empathic-2.1.0.tgz (sha512-AnfC1ATldl49/cvZdLPDjBfrRNwbDO05aibiOtzQu3qtlbJtomNLhF30HEtn/7iBz50dlMECqATo3fG0LrdEgw==) seems to be corrupted. Trying again.
npm warn tarball tarball data for debug@https://registry.npmjs.org/debug/-/debug-4.4.3.tgz (sha512-RGwwWnwQvkVfavKVt22FGLw+xYSdzARwm0ru6DhTVA3umU5hZc28V3kO4stgYryrTlLpuvgI9GiijltAjNbcqA==) seems to be corrupted. Trying again.
npm warn tarball tarball data for comment-parser@https://registry.npmjs.org/comment-parser/-/comment-parser-1.4.9.tgz (sha512-+2AvZKjJaNq9GQljm3tr0utwrig5BL+jgJGvz5rDpGKNIp+ojcRXWUwBbh/sGIi1QCprR6PsKFakub+w1v+4hQ==) seems to be corrupted. Trying again.
npm warn tarball tarball data for estraverse@https://registry.npmjs.org/estraverse/-/estraverse-5.3.0.tgz (sha512-MMdARuVEQziNTeJD8DgMqmhwR11BRQ/cBP+pLtYdSTnf3MIO8fFeiINEbX36ZdNlfU/7A9f3gUw49B3oQsvwBA==) seems to be corrupted. Trying again.
npm warn tarball tarball data for defu@https://registry.npmjs.org/defu/-/defu-6.1.7.tgz (sha512-7z22QmUWiQ/2d0KkdYmANbRUVABpZ9SNYyH5vx6PZ+nE5bcC0l7uFvEfHlyld/HcGBFTL536ClDt3DEcSlEJAQ==) seems to be corrupted. Trying again.
npm warn tarball tarball data for commander@https://registry.npmjs.org/commander/-/commander-10.0.1.tgz (sha512-y4Mg2tXshplEbSGzx7amzPwKKOCGuoSRP/CjEdwwk0FOGlUbq6lKuoyDZTNZkmxHdJtp54hdfY/JUrdL7Xfdug==) seems to be corrupted. Trying again.
npm warn tarball tarball data for emojilib@https://registry.npmjs.org/emojilib/-/emojilib-2.4.0.tgz (sha512-5U0rVMU5Y2n2+ykNLQqMoqklN9ICBT/KsvC1Gz6vqHbz2AXXGkG+Pm5rMWk/8Vjrr/mY9985Hi8DYzn1F09Nyw==) seems to be corrupted. Trying again.
npm warn tarball tarball data for es-module-lexer@https://registry.npmjs.org/es-module-lexer/-/es-module-lexer-2.3.2.tgz (sha512-poHGpORABojJJucnV9KbOavETW8lBVnphkW77ER5/BQ5Fz7oXSoCNek7IH3vR5nRjdsEz926ibFYX8KtLQmdyw==) seems to be corrupted. Trying again.
npm warn tarball tarball data for chalk@https://registry.npmjs.org/chalk/-/chalk-4.1.2.tgz (sha512-oKnbhFyRIXpUuez8iBMmyEa4nbj4IOQyuhc/wy9kY7/WVPcwIO9VA668Pu8RkO7+0G76SLROeyw9CpQ061i4mA==) seems to be corrupted. Trying again.
npm warn tarball tarball data for color-name@https://registry.npmjs.org/color-name/-/color-name-1.1.4.tgz (sha512-dOy+3AuW3a2wNbZHIuMZpTcgjGuLU/uBL/ubcZF9OXbDo8ff4O8yVp5Bf0efS8uEoYo5q4Fx7dY9OgQGXgAsQA==) seems to be corrupted. Trying again.
npm warn tarball tarball data for cjs-module-lexer@https://registry.npmjs.org/cjs-module-lexer/-/cjs-module-lexer-1.4.3.tgz (sha512-9z8TZaGM1pfswYeXrUpzPrkx8UnWYdhJclsiYMm6x/w5+nN+8Tf/LnAgfLGQCm59qAOxU8WwHEq2vNwF6i4j+Q==) seems to be corrupted. Trying again.
npm warn tarball tarball data for chai@https://registry.npmjs.org/chai/-/chai-6.3.0.tgz (sha512-XWAtwJ6OHO+tj0EKCs0Y2UamnyOxseZWltU4x2U2wh8g4AigdjwvtUjvLP2tqkA/avxHEtzxNaqGq/YGNwckKg==) seems to be corrupted. Trying again.
npm warn tarball tarball data for escape-string-regexp@https://registry.npmjs.org/escape-string-regexp/-/escape-string-regexp-4.0.0.tgz (sha512-TtpcNJ3XAzx3Gq8sWRzJaVajRs0uVxA2YAkdb1jm2YkPz4G6egUFAyA3n5vtEIZefPk5Wa4UXbKuS5fKkJWdgA==) seems to be corrupted. Trying again.
npm warn tarball tarball data for cac@https://registry.npmjs.org/cac/-/cac-7.0.1.tgz (sha512-86diuUyeeWM8CrqhpGCaDafrzjS1s++7sWy2AbAPoFNz/xKv7ID57CR4pZsMuGCh60PtsnEx4z68b+Vgt07VPw==) seems to be corrupted. Trying again.
npm warn tarball tarball data for environment@https://registry.npmjs.org/environment/-/environment-1.1.0.tgz (sha512-xUtoPkMggbz0MPyPiIWr1Kp4aeWJjDZ6SMvURhimjdZgsRuDplF5/s9hcgGhyXMhs+6vpnuoiZ2kFiu3FMnS8Q==) seems to be corrupted. Trying again.
npm warn tarball tarball data for cross-spawn@https://registry.npmjs.org/cross-spawn/-/cross-spawn-7.0.6.tgz (sha512-uV2QOWP2nWzsy2aMp8aRibhi9dlzF5Hgh5SHaB9OiTGEyDTiJJyx0uy51QXdyWbtAHNua4XJzUKca3OzKUd3vA==) seems to be corrupted. Trying again.
npm warn tarball tarball data for char-regex@https://registry.npmjs.org/char-regex/-/char-regex-1.0.2.tgz (sha512-kWWXztvZ5SBQV+eRgKFeh8q5sLuZY2+8WUIzlxWVTg+oGwY14qylx1KbKzHd8P6ZYkAg0xyIDU9JMHhyJMZ1jw==) seems to be corrupted. Trying again.
npm warn tarball tarball data for color-convert@https://registry.npmjs.org/color-convert/-/color-convert-2.0.1.tgz (sha512-RRECPsj7iu/xb5oKYcsFHSppFNnsj/52OVTRKb4zP5onXwVF3zVmmToNcOfGC+CRDpfK/U584fMg38ZHCaElKQ==) seems to be corrupted. Trying again.
npm warn tarball tarball data for cli-table3@https://registry.npmjs.org/cli-table3/-/cli-table3-0.6.5.tgz (sha512-+W/5efTR7y5HRD7gACw9yQjqMVvEMLBHmboM/kPWam+H+Hmyrgjh6YncVKK122YZkXrLudzTuAukUw9FnMf7IQ==) seems to be corrupted. Trying again.
npm warn tarball tarball data for assertion-error@https://registry.npmjs.org/assertion-error/-/assertion-error-2.0.1.tgz (sha512-Izi8RQcffqCeNVgFigKli1ssklIbpHnCYc6AknXGYoB6grJqyeby7jv12JUQgmTAnIDnbck1uxksT4dzN3PWBA==) seems to be corrupted. Trying again.
npm warn tarball tarball data for ansi-escapes@https://registry.npmjs.org/ansi-escapes/-/ansi-escapes-7.3.0.tgz (sha512-BvU8nYgGQBxcmMuEeUEmNTvrMVjJNSH7RgW24vXexN4Ven6qCvy4TntnvlnwnMLTVlcRQQdbRY8NKnaIoeWDNg==) seems to be corrupted. Trying again.
npm warn tarball tarball data for cliui@https://registry.npmjs.org/cliui/-/cliui-7.0.4.tgz (sha512-OcRE68cOsVMXp1Yvonl/fzkQOyjLSu/8bhPDfQt0e0/Eb283TKP20Fs2MqoPsr9SwA595rRCA+QMzYc9nBP+JQ==) seems to be corrupted. Trying again.
npm warn tarball tarball data for ansi-styles@https://registry.npmjs.org/ansi-styles/-/ansi-styles-4.3.0.tgz (sha512-zbB9rCJAT1rbjiVDb2hqKFHNYLxgtk8NURxZ3IZwD3F6NtxbXZQCnnSi1Lkx+IDohdPlFp222wVALIheZJQSEg==) seems to be corrupted. Trying again.
npm warn tarball tarball data for acorn-jsx@https://registry.npmjs.org/acorn-jsx/-/acorn-jsx-5.3.2.tgz (sha512-rq9s+JNhf0IChjtDXxllJ7g41oZk5SlXtp0LHwyA5cejwn7vKmKp4pPri6YEePv2PU65sAsegbXtIinmDFDXgQ==) seems to be corrupted. Trying again.
npm warn tarball tarball data for brace-expansion@https://registry.npmjs.org/brace-expansion/-/brace-expansion-5.0.12.tgz (sha512-YovQ3rzhaLMIrDjNDMkNS01tea93qhEhG5xy8f6+R0l+dw3Ki+5sCoIoI942iuLZTHWogWktgwVDhU09iNEimQ==) seems to be corrupted. Trying again.
npm warn tarball tarball data for ansi-regex@https://registry.npmjs.org/ansi-regex/-/ansi-regex-6.4.0.tgz (sha512-KzTVk2tCWAHtYrvvvaP8bJKJq2pVinhLcGEQdtLIYPbmNGNyYe8QwNaTUYQp2J7/vIsUKt5QCqAfUkYyG9DkOw==) seems to be corrupted. Trying again.
npm warn tarball tarball data for cacheable@https://registry.npmjs.org/cacheable/-/cacheable-2.5.0.tgz (sha512-60cyAOytib/OzBw1JNSoSV/boK1AtHryDIjvVBk7XbN4ugfkM3+Sry7fEjNgPMGgOjuaZPAp8ruZ0Cxafwyq9g==) seems to be corrupted. Trying again.
npm warn tarball tarball data for any-promise@https://registry.npmjs.org/any-promise/-/any-promise-1.3.0.tgz (sha512-7UvmKalWRt1wgjL1RrGxoSJW/0QZFIegpeGvZG9kjp8vrRu55XTHbwnqq2GpXm9uLbcuhxm3IqX9OB4MZR1b2A==) seems to be corrupted. Trying again.
npm warn tarball tarball data for ast-v8-to-istanbul@https://registry.npmjs.org/ast-v8-to-istanbul/-/ast-v8-to-istanbul-1.0.7.tgz (sha512-kFL68AG6ajd8fg248zwM9GQrUWEp79gsmjum34OEXjs4yHuUMZfYKwOLW9GMmB4oNvVrj+EAGxsP7ye2UR9UlA==) seems to be corrupted. Trying again.
npm warn tarball tarball data for @yuku-parser/binding-linux-x64-gnu@https://registry.npmjs.org/@yuku-parser/binding-linux-x64-gnu/-/binding-linux-x64-gnu-0.10.2.tgz (sha512-/nlcpR6IF5U+0m5L9wvAIXeQa2DT+BXuvqKDsTcOTlcc0B4dHNyqE5hTXsS4hAyimpy2ZK8A1zMNF5hTrjg2cg==) seems to be corrupted. Trying again.
npm warn tarball tarball data for @yuku-codegen/binding-linux-x64-gnu@https://registry.npmjs.org/@yuku-codegen/binding-linux-x64-gnu/-/binding-linux-x64-gnu-0.10.2.tgz (sha512-mVzWimEPPreaPyXIUvxsHoJzvO7ckZ5j0LgQFHz04zQIRwt9A9T2hA7K5/jYjJKkMxWG/U2VjhGNwVhtyU+uqg==) seems to be corrupted. Trying again.
npm warn tarball tarball data for cli-highlight@https://registry.npmjs.org/cli-highlight/-/cli-highlight-2.1.11.tgz (sha512-9KDcoEVwyUXrjcJNvHD0NFc/hiwe/WPVYIleQh2O1N2Zro5gWJZ/K+3DGn8w8P/F6FxOgzyC5bxDyHIgCSPhGg==) seems to be corrupted. Trying again.
npm warn tarball tarball data for @vitest/mocker@https://registry.npmjs.org/@vitest/mocker/-/mocker-5.0.3.tgz (sha512-T8sWAIbkSyAjkwTcaEc3Iu0o9A27X1/kdXrizhZkGuSKScRQtRzclfAMpOTcGdXCsqxeWlpGy3XjqaW8CpLORg==) seems to be corrupted. Trying again.
npm warn tarball tarball data for @yuku-codegen/binding-linux-x64-musl@https://registry.npmjs.org/@yuku-codegen/binding-linux-x64-musl/-/binding-linux-x64-musl-0.10.2.tgz (sha512-Y77fyISurmr2mvO1yeq3u+x/WJbACgPR4w+lzEVx30ViCxZzIGrZPRN1yEdZ9xUNPNsIO5thBHIdRNG+UGUG+Q==) seems to be corrupted. Trying again.
npm warn tarball tarball data for @vitest/spy@https://registry.npmjs.org/@vitest/spy/-/spy-5.0.3.tgz (sha512-XhFysQTB8AZ+P4gMi+Lpo99vg2AZi0qKpaB9yXQl37+CaMEAPO3iH/wGVnSyL5MPERiLezpqTVtrR6UZH5GCXg==) seems to be corrupted. Trying again.
npm warn tarball tarball data for @yuku-toolchain/types@https://registry.npmjs.org/@yuku-toolchain/types/-/types-0.10.2.tgz (sha512-sSeo4SSSToiS+sSD+bwn/s94EEcaLJ7tG5LCp8gFYC1G5VzxzX7fqB6m9RU1yMD8KTpu6zdU/I1NlQf8hVBJ9Q==) seems to be corrupted. Trying again.
npm warn tarball tarball data for acorn@https://registry.npmjs.org/acorn/-/acorn-8.19.0.tgz (sha512-oJlA3XiRm7Cyk6qFD2Jn8ak9B7jSy0qy00ADO3+8dpT0LSjFihQYv4C02LFCSYJV3Q37xYwwRy5m+IpIiUzqWw==) seems to be corrupted. Trying again.
npm warn tarball tarball data for balanced-match@https://registry.npmjs.org/balanced-match/-/balanced-match-4.0.4.tgz (sha512-BLrgEcRTwX2o6gGxGOCNyMvGSp35YofuYzw9h1IMTRmKqttAZZVU67bdb9Pr2vUHA8+j3i2tJfjO6C6+4myGTA==) seems to be corrupted. Trying again.
npm warn tarball tarball data for @vitest/coverage-v8@https://registry.npmjs.org/@vitest/coverage-v8/-/coverage-v8-5.0.3.tgz (sha512-+klsyz7BvT1vCU28Zkfzms1Ia78XD0V41U3FUtRaa3S+vOr/EXvK1O6BvVD7l1RzEjm6SONR2aybOvDDf9u0mQ==) seems to be corrupted. Trying again.
npm warn tarball tarball data for ajv@https://registry.npmjs.org/ajv/-/ajv-6.15.0.tgz (sha512-fgFx7Hfoq60ytK2c7DhnF8jIvzYgOMxfugjLOSMHjLIPgenqa7S7oaagATUq99mV6IYvN2tRmC0wnTYX6iPbMw==) seems to be corrupted. Trying again.
npm warn tarball tarball data for @typescript-eslint/typescript-estree@https://registry.npmjs.org/@typescript-eslint/typescript-estree/-/typescript-estree-8.71.1.tgz (sha512-pSKSEK1JJpHs6KiKVtABCE4iJK5d7FLFzDXQNBQ2oRY7LEd3UwOt3TZemTgu9syTIf56dJWlTn/pdmrO9oKUXQ==) seems to be corrupted. Trying again.
npm warn tarball tarball data for @typescript-eslint/scope-manager@https://registry.npmjs.org/@typescript-eslint/scope-manager/-/scope-manager-8.71.1.tgz (sha512-1YUDZXdTnXLlob03SFHBipdyMBsDVm7zoSz0ytTJ39dk5J1TgsTK03VlR/dLXG/RLLUrPcYbD4rp23BmHxHP0w==) seems to be corrupted. Trying again.
npm warn tarball tarball data for @typescript-eslint/utils@https://registry.npmjs.org/@typescript-eslint/utils/-/utils-8.71.1.tgz (sha512-CBjT6gfAz3DW2j9Q4moFnqt208Aq+506sVGXfpRcyAeqn0EpayL0mjdWoCO2t3RC7GewNrFxdeehuEaPg6DMzQ==) seems to be corrupted. Trying again.
npm warn tarball tarball data for @yuku-parser/binding-linux-x64-musl@https://registry.npmjs.org/@yuku-parser/binding-linux-x64-musl/-/binding-linux-x64-musl-0.10.2.tgz (sha512-GX80dxTQD/M/OryyuxJcFzFENzry3cDFPvCFTyWogNWQH3fSHfMrNfpwpl1YzMos1eV9NygK5GSDG7VArQlb4w==) seems to be corrupted. Trying again.
npm warn tarball tarball data for @typescript-eslint/tsconfig-utils@https://registry.npmjs.org/@typescript-eslint/tsconfig-utils/-/tsconfig-utils-8.71.1.tgz (sha512-oTvkml5SxXhgg+WWKhod5qWQICDXtOB+/Hi9VdPKFAANJ2b7YOgMffgvzXuqog7R6A/JtrzRf128dsxummyWhg==) seems to be corrupted. Trying again.
npm warn tarball tarball data for @typescript-eslint/project-service@https://registry.npmjs.org/@typescript-eslint/project-service/-/project-service-8.71.1.tgz (sha512-Oijc9RUsohHjncg6iGi7gCtjnEjYt9FWv9u6ygK8uKcHK5eLjLAkqERQ9BaytbpceOFdk6kifPCS/zAZE+A99g==) seems to be corrupted. Trying again.
npm warn tarball tarball data for @typescript-eslint/visitor-keys@https://registry.npmjs.org/@typescript-eslint/visitor-keys/-/visitor-keys-8.71.1.tgz (sha512-0GxiUGqMU0qXJt58cBsiG3DP8lUmBaFo2vChtUX+CT7PnR3v/VGLLrzVP4K9r1lNiZXjHYefMBbPunplr09v6w==) seems to be corrupted. Trying again.
npm warn tarball tarball data for @typescript-eslint/parser@https://registry.npmjs.org/@typescript-eslint/parser/-/parser-8.71.1.tgz (sha512-oM/5sAqz/l1v/zYK1qTOPrn2+JIrBGC1V6uNYucRO5gh6eT9vWJ/RhPbGE59byvZEUQ4VP6XkLBaS5Jti5jpvw==) seems to be corrupted. Trying again.
npm warn tarball tarball data for @typescript-eslint/type-utils@https://registry.npmjs.org/@typescript-eslint/type-utils/-/type-utils-8.71.1.tgz (sha512-kH3t3jZCYv2PZSBEWPKTariLrCaoF1CLoPitYFBJOhAGEwWnSRAtGEifrfrpBa4K9JlwWNZotgA5w3/wLSk/FQ==) seems to be corrupted. Trying again.
npm warn tarball tarball data for @vitest/istanbul-lib-report@https://registry.npmjs.org/@vitest/istanbul-lib-report/-/istanbul-lib-report-1.0.2.tgz (sha512-gUsfXZJbzPamoIY5TvHFiMMoXESBrUMo+xqaj+rYrWI69+EnvRlYBlP96ZnHPY4vX8kyUpgAnFUCg5wZG/HkDQ==) seems to be corrupted. Trying again.
npm warn tarball tarball data for @typescript-eslint/types@https://registry.npmjs.org/@typescript-eslint/types/-/types-8.71.1.tgz (sha512-ybYnPTUwg3VQQOFEiBPLs8Jxl1ry2vXdn1kVKguomBbvxpetdu3MKTNDqFNUrlG8ylP9MpZosmXMFYlGQHk1oQ==) seems to be corrupted. Trying again.
npm warn tarball tarball data for @types/json-schema@https://registry.npmjs.org/@types/json-schema/-/json-schema-7.0.15.tgz (sha512-5+fP8P8MFNC+AyZCDxrB2pkZFPGzqQWUzpSeuuVLvm8VMcorNYavBqoFcxK8bQz4Qsbn4oUEEem4wDLfcysGHA==) seems to be corrupted. Trying again.
npm warn tarball tarball data for @types/node@https://registry.npmjs.org/@types/node/-/node-24.19.1.tgz (sha512-aS3/DG0oM05K0RIXXP+hKjinGG5IgSSVGzswZxW3O0sS3pH4/fycXundUC9XsszgKCk4gHXylTEK6hyFxVxnoQ==) seems to be corrupted. Trying again.
npm warn tarball tarball data for @vitest/istanbul-lib-coverage@https://registry.npmjs.org/@vitest/istanbul-lib-coverage/-/istanbul-lib-coverage-1.0.2.tgz (sha512-9J/JMwOf9AoJhAywhrn7ScKTL38hsWQP/qPG60OtaAFcQ5OXPwKsxZFlbnuCKmZ61m8/lGgHYnFpdyQZUvG/iA==) seems to be corrupted. Trying again.
npm warn tarball tarball data for @types/deep-eql@https://registry.npmjs.org/@types/deep-eql/-/deep-eql-4.0.2.tgz (sha512-c9h9dVVMigMPc4bwTvC5dxqtqJZwQPePsWjPlpSOnojbor6pGqdk541lfA7AqFQr5pB1BRdq0juY9db81BwyFw==) seems to be corrupted. Trying again.
npm warn tarball tarball data for @typescript-eslint/eslint-plugin@https://registry.npmjs.org/@typescript-eslint/eslint-plugin/-/eslint-plugin-8.71.1.tgz (sha512-nNlBf6HuotqMgZvSkWD5hNdemiBIxQ2NmrlgfcUIeZRs+BbakjscCQRq/Hb74EFVnFiSWWdL12JruqwBy3ERDw==) seems to be corrupted. Trying again.
npm warn tarball tarball data for @typescript-eslint/rule-tester@https://registry.npmjs.org/@typescript-eslint/rule-tester/-/rule-tester-8.71.1.tgz (sha512-J5QUyV2J2AAFV4T61KiwqGcyxTlmEhhePfzVWoSbK3LWWBeYaJ5E1iz6DVKVM0IF3RqzKIF7JsmOFnKiZu47yA==) seems to be corrupted. Trying again.
npm warn tarball tarball data for @sindresorhus/is@https://registry.npmjs.org/@sindresorhus/is/-/is-4.6.0.tgz (sha512-t09vSN3MdfsyCHoFcTRCH/iUtG7OJ0CsjzB8cjAmKc/va/kIgeDI/TxsigdncE/4be734m0cvIYwNaV4i2XqAw==) seems to be corrupted. Trying again.
npm warn tarball tarball data for @types/estree@https://registry.npmjs.org/@types/estree/-/estree-1.0.9.tgz (sha512-GhdPgy1el4/ImP05X05Uw4cw2/M93BCUmnEvWZNStlCzEKME4Fkk+YpoA5OiHNQmoS7Cafb8Xa3Pya8m1Qrzeg==) seems to be corrupted. Trying again.
npm warn tarball tarball data for @size-limit/rolldown@https://registry.npmjs.org/@size-limit/rolldown/-/rolldown-14.2.0.tgz (sha512-FA4DMpy/q8BE/gtGvV0hV2MVR03hPF/PwKxJoB1LUjyj6FnksVGpxuxyh0ZU1eSdrtj6tgFR67NDIcZ9fCGV/A==) seems to be corrupted. Trying again.
npm warn tarball tarball data for @size-limit/file@https://registry.npmjs.org/@size-limit/file/-/file-14.2.0.tgz (sha512-ROqMjC8Pi/ogIIm79Y4u8YieXJb++MaZWbdv/am16l4cS9CxSUXmqP3igIXyv3gK3LMG6DkZdWSM5KVND2ug7g==) seems to be corrupted. Trying again.
npm warn tarball tarball data for @types/chai@https://registry.npmjs.org/@types/chai/-/chai-5.2.3.tgz (sha512-Mw558oeA9fFbv65/y4mHtXDs9bPnFMZAL/jxdPFUpOHHIXX91mcgEHbS5Lahr+pwZFR8A7GQleRWeI6cGFC2UA==) seems to be corrupted. Trying again.
npm warn tarball tarball data for @rolldown/pluginutils@https://registry.npmjs.org/@rolldown/pluginutils/-/pluginutils-1.0.1.tgz (sha512-2j9bGt5Jh8hj+vPtgzPtl72j0yRxHAyumoo6TNfAjsLB04UtpSvPbPcDcBMxz7n+9CYB0c1GxQFxYRg2jimqGw==) seems to be corrupted. Trying again.
npm warn tarball tarball data for @rolldown/binding-linux-x64-gnu@https://registry.npmjs.org/@rolldown/binding-linux-x64-gnu/-/binding-linux-x64-gnu-1.2.13.tgz (sha512-J4cm80Pc6wEwV5AZ42o62sIQgDk+Y7R2s646jIwuvO+4V46QB58N4vVuMPWCBaNgursXLpmUWJV//WQAkPvHBQ==) seems to be corrupted. Trying again.
npm warn tarball tarball data for @quansync/fs@https://registry.npmjs.org/@quansync/fs/-/fs-1.1.0.tgz (sha512-qAPG/t3HqML1TlN7sY/pTbEjzFVAKsMjNNMGheyDosro+kT4iw2KCUoHcVdmliwWjorm4elZbgNQyU2eD97eDg==) seems to be corrupted. Trying again.
npm warn tarball tarball data for @rolldown/binding-linux-x64-musl@https://registry.npmjs.org/@rolldown/binding-linux-x64-musl/-/binding-linux-x64-musl-1.2.13.tgz (sha512-W0euZS40U4V6JkmEnVCIX9mcsL6cbXQ4X8c2w+MMOIjFg68TXUW+u3RT+2e1t1pv9mg/EP3pDtK3POXdQ7Rxyw==) seems to be corrupted. Trying again.
npm warn tarball tarball data for @oxc-project/types@https://registry.npmjs.org/@oxc-project/types/-/types-0.153.0.tgz (sha512-jSNrRIyvPVLL5E1z/tS5zLAprosGz/FuI1PWwEOz59j3E4TTTzSpqKb/RDGqJhhW0QHYISGXxq582wGx6T11Tw==) seems to be corrupted. Trying again.
npm warn tarball tarball data for @keyv/bigmap@https://registry.npmjs.org/@keyv/bigmap/-/bigmap-1.3.1.tgz (sha512-WbzE9sdmQtKy8vrNPa9BRnwZh5UF4s1KTmSK0KUVLo3eff5BlQNNWDnFOouNpKfPKDnms9xynJjsMYjMaT/aFQ==) seems to be corrupted. Trying again.
npm warn tarball tarball data for @jridgewell/sourcemap-codec@https://registry.npmjs.org/@jridgewell/sourcemap-codec/-/sourcemap-codec-1.6.0.tgz (sha512-T7jf+5zgsZHwNJ4lvQ7/aezbyk0nNX+zJVWpmHA7VYsEx7a7qr5Rg5IbtJFqkgze5Y2sruq1RUY8Q837Od7iFw==) seems to be corrupted. Trying again.
npm warn tarball tarball data for @jridgewell/trace-mapping@https://registry.npmjs.org/@jridgewell/trace-mapping/-/trace-mapping-0.3.31.tgz (sha512-zzNR+SdQSDJzc8joaeP8QQoCQr8NuYx2dIIytl1QeBEZHJ9uW6hebsrYgbz8hJwUQao3TWCMtmfV8Nu1twOLAw==) seems to be corrupted. Trying again.
npm warn tarball tarball data for @humanwhocodes/retry@https://registry.npmjs.org/@humanwhocodes/retry/-/retry-0.4.3.tgz (sha512-bV0Tgo9K4hfPCek+aMAn81RppFKv2ySDQeMoSZuvTASywNTnVJCArCZE2FWqpvIatKu7VMRLWlR1EazvVhDyhQ==) seems to be corrupted. Trying again.
npm warn tarball tarball data for @loaderkit/resolve@https://registry.npmjs.org/@loaderkit/resolve/-/resolve-1.0.6.tgz (sha512-G8FdIoF5CypfwmD9rl8BXod5HDn8JqB0CCNBXDTaRZ+yRYhARrrSToX1zg1zy9jX3zLqigsELwhT4gNtkdQAUg==) seems to be corrupted. Trying again.
npm warn tarball tarball data for @publint/pack@https://registry.npmjs.org/@publint/pack/-/pack-0.1.7.tgz (sha512-4EDEmvxWtgsCnnVeBvtFIFZtUhPPt1+bA9JrSwU4Sa//6oKtzCSlGGXYJr44OD9aGISymbieJ4mCKHUygUDU+g==) seems to be corrupted. Trying again.
npm warn tarball tarball data for @humanfs/types@https://registry.npmjs.org/@humanfs/types/-/types-0.15.0.tgz (sha512-ZZ1w0aoQkwuUuC7Yf+7sdeaNfqQiiLcSRbfI08oAxqLtpXQr9AIVX7Ay7HLDuiLYAaFPu8oBYNq/QIi9URHJ3Q==) seems to be corrupted. Trying again.
npm warn tarball tarball data for @jridgewell/resolve-uri@https://registry.npmjs.org/@jridgewell/resolve-uri/-/resolve-uri-3.1.2.tgz (sha512-bRISgCIjP20/tbWSPWMEi54QVPRZExkuD9lJL+UIxUKtwVJA8wW1Trb1jMs1RFXo1CBTNZ/5hpC9QvmKWdopKw==) seems to be corrupted. Trying again.
npm warn tarball tarball data for @eslint/object-schema@https://registry.npmjs.org/@eslint/object-schema/-/object-schema-3.0.5.tgz (sha512-vqTaUEgxzm+YDSdElad6PiRoX4t8VGDjCtt05zn4nU810UIx/uNEV7/lZJ6KwFThKZOzOxzXy48da+No7HZaMw==) seems to be corrupted. Trying again.
npm warn tarball tarball data for @size-limit/preset-small-lib@https://registry.npmjs.org/@size-limit/preset-small-lib/-/preset-small-lib-14.2.0.tgz (sha512-OG0U91dv2eyMIjwnrM+FX37GgpDbLHFScIE30/dQhIK1fcw7LtEhIxPzugScJlwEAIpD/d+r9xCQHkEZEDQiyw==) seems to be corrupted. Trying again.
npm warn tarball tarball data for @humanfs/core@https://registry.npmjs.org/@humanfs/core/-/core-0.19.2.tgz (sha512-UhXNm+CFMWcbChXywFwkmhqjs3PRCmcSa/hfBgLIb7oQ5HNb1wS0icWsGtSAUNgefHeI+eBrA8I1fxmbHsGdvA==) seems to be corrupted. Trying again.
npm warn tarball tarball data for @humanfs/node@https://registry.npmjs.org/@humanfs/node/-/node-0.16.8.tgz (sha512-gE1eQNZ3R++kTzFUpdGlpmy8kDZD/MLyHqDwqjkVQI0JMdI1D51sy1H958PNXYkM2rAac7e5/CnIKZrHtPh3BQ==) seems to be corrupted. Trying again.
npm warn tarball tarball data for @eslint/js@https://registry.npmjs.org/@eslint/js/-/js-10.0.1.tgz (sha512-zeR9k5pd4gxjZ0abRoIaxdc7I3nDktoXZk2qOv9gCNWx3mVwEn32VRhyLaRsDiJjTs0xq/T8mfPtyuXu7GWBcA==) seems to be corrupted. Trying again.
npm warn tarball tarball data for @types/esrecurse@https://registry.npmjs.org/@types/esrecurse/-/esrecurse-4.3.1.tgz (sha512-xJBAbDifo5hpffDBuHl0Y8ywswbiAp/Wi7Y/GtAgSlZyIABppyurxVueOPE8LUQOxdlgi6Zqce7uoEpqNTeiUw==) seems to be corrupted. Trying again.
npm warn tarball tarball data for @eslint-community/eslint-utils@https://registry.npmjs.org/@eslint-community/eslint-utils/-/eslint-utils-4.10.1.tgz (sha512-cuadcxVFE8sDK6iWJbs8Sn0av2Nrh2QSGQhVlBW9AaAHqHwjWsZHT8LJ4hFGPh7ASBV2deFdM7H/DPjulmh8rg==) seems to be corrupted. Trying again.
npm warn tarball tarball data for @eslint/config-helpers@https://registry.npmjs.org/@eslint/config-helpers/-/config-helpers-0.7.0.tgz (sha512-DObd/KKUsU+FaFv4PLxSRenpXfQWmPXXP3pPZ6/K1PCrMu2vQpMDMuQe/BqYeoLcz8ro0bVDF1RxOJgfVEdhUw==) seems to be corrupted. Trying again.
npm warn tarball tarball data for @eslint/plugin-kit@https://registry.npmjs.org/@eslint/plugin-kit/-/plugin-kit-0.7.3.tgz (sha512-IkO+/KEUvwbVpiURZg+P7zF74z5Jxe0UgJxVni+RtoHQ6IZieXaO02kmadomap/q+l6bc/jdPGGqTjhuZnuz1Q==) seems to be corrupted. Trying again.
npm warn tarball tarball data for @eslint-community/regexpp@https://registry.npmjs.org/@eslint-community/regexpp/-/regexpp-4.12.2.tgz (sha512-EriSTlt5OC9/7SXkRSCAhfSxxoSUgBm33OH+IkwbdpgoqsSsUg7y3uh+IICI/Qg4BBWr3U2i39RpmycbxMq4ew==) seems to be corrupted. Trying again.
npm warn tarball tarball data for @humanwhocodes/module-importer@https://registry.npmjs.org/@humanwhocodes/module-importer/-/module-importer-1.0.1.tgz (sha512-bxveV4V8v5Yb4ncFTT3rPSgZBOpCkjfK0y4oVVVJwIuDVBRMDXrPyXRL988i5ap9m9bnyEEjWfm5WkBmtffLfA==) seems to be corrupted. Trying again.
npm warn tarball tarball data for @eslint/core@https://registry.npmjs.org/@eslint/core/-/core-1.2.1.tgz (sha512-MwcE1P+AZ4C6DWlpin/OmOA54mmIZ/+xZuJiQd4SyB29oAJjN30UW9wkKNptW2ctp4cEsvhlLY/CsQ1uoHDloQ==) seems to be corrupted. Trying again.
npm warn tarball tarball data for @cacheable/utils@https://registry.npmjs.org/@cacheable/utils/-/utils-2.5.0.tgz (sha512-buipgOVDkkPXNR5+xBpDw7Zk2n1EvU7qBJCNUcL7rhQ//kfpOXPAvQ511Os0vpLYJ1pZnvudNytkQt2hst3wqA==) seems to be corrupted. Trying again.
npm warn tarball tarball data for @bcoe/v8-coverage@https://registry.npmjs.org/@bcoe/v8-coverage/-/v8-coverage-1.0.2.tgz (sha512-6zABk/ECA/QYSCQ1NGiVwwbQerUCZ+TQbp64Q3AgmfNvurHH0j8TtXa1qbShXA6qqkpAj4V5W8pP6mLe1mcMqA==) seems to be corrupted. Trying again.
npm warn tarball tarball data for @keyv/serialize@https://registry.npmjs.org/@keyv/serialize/-/serialize-1.1.1.tgz (sha512-dXn3FZhPv0US+7dtJsIi2R+c7qWYiReoEh5zUntWCf4oSpMNib8FDhSoed6m3QyZdx5hK7iLFkYk3rNxwt8vTA==) seems to be corrupted. Trying again.
npm warn tarball tarball data for @braidai/lang@https://registry.npmjs.org/@braidai/lang/-/lang-1.1.2.tgz (sha512-qBcknbBufNHlui137Hft8xauQMTZDKdophmLFv05r2eNmdIv/MlPuP4TdUknHG68UdWLgVZwgxVe735HzJNIwA==) seems to be corrupted. Trying again.
npm warn tarball tarball data for @eslint/config-array@https://registry.npmjs.org/@eslint/config-array/-/config-array-0.23.5.tgz (sha512-Y3kKLvC1dvTOT+oGlqNQ1XLqK6D1HU2YXPc52NmAlJZbMMWDzGYXMiPRJ8TYD39muD/OTjlZmNJ4ib7dvSrMBA==) seems to be corrupted. Trying again.
npm warn tarball tarball data for @colors/colors@https://registry.npmjs.org/@colors/colors/-/colors-1.5.0.tgz (sha512-ooWCrlZP11i8GImSjTHYHLkvFDP48nS4+204nGb1RiX/WXYHmJA2III9/e2DWVabCESdW7hBAEzHRqUn9OUVvQ==) seems to be corrupted. Trying again.
npm warn tarball tarball data for @babel/parser@https://registry.npmjs.org/@babel/parser/-/parser-7.29.9.tgz (sha512-CjXrNHTnvqBVqHgdBysY3vk2T8tpJHb5/RMeHJBTyVa9xgugCB0CJTx/3oO8RV2QRQP391RWpB7D6hLjm8V9uA==) seems to be corrupted. Trying again.
npm warn tarball tarball data for @babel/helper-validator-identifier@https://registry.npmjs.org/@babel/helper-validator-identifier/-/helper-validator-identifier-7.29.7.tgz (sha512-qehxGkRj55h/ff8EMaJ+cYhyaKlHIxqYDn682wQD7RNp9UujOQsHog2uS0r2vzr4pW+sXf90NeeayjcNaX3fFg==) seems to be corrupted. Trying again.
npm warn tarball tarball data for @cacheable/memory@https://registry.npmjs.org/@cacheable/memory/-/memory-2.2.0.tgz (sha512-CTLKqLItRCEixEAewD3/j9DB3/o96gpTPD4eJ1v+DGOlxZRZncRQkGYqqnAGCscYd6RNeXfGeiuCphsPtqyIfQ==) seems to be corrupted. Trying again.
npm warn tarball tarball data for ansi-regex@https://registry.npmjs.org/ansi-regex/-/ansi-regex-5.0.1.tgz (sha512-quJQXlTSUGL2LH9SUXo8VwsY4soanhgo6LNSm84E1LBcE8s3O0wpdiRzyR9z/ZZJMlMWv37qOOb9pdJlMUEKFQ==) seems to be corrupted. Trying again.
npm warn tarball tarball data for @babel/types@https://registry.npmjs.org/@babel/types/-/types-7.29.8.tgz (sha512-Vj1jF3cPfxg7OAfoI7QnVKLoILlm2JF9pnVHrX8qx7AHMiYWT+NDAA7jChlNgRS4WTLc/fD1lXLmPixluj+3Gg==) seems to be corrupted. Trying again.
npm warn tarball tarball data for @babel/helper-string-parser@https://registry.npmjs.org/@babel/helper-string-parser/-/helper-string-parser-7.29.7.tgz (sha512-Pb5ijPrZ89GDH8223L4UP8i6QApWxs04RbPQJTeWDV0/keR2E36MeKnyr6LYmUUvqRRI+Iv87SuF1W6ErINzYw==) seems to be corrupted. Trying again.
npm warn tarball tarball data for obug@https://registry.npmjs.org/obug/-/obug-3.0.0.tgz (sha512-5vvB5+W7ePv+p3uqxi+RcW1XAzLW0/hxt3/4X4Lc4qHudzOhmBiBwOY6DRob4WnanAEGvNcLjF+KNOufrUoEQw==) seems to be corrupted. Trying again.
npm warn tarball tarball data for fflate@https://registry.npmjs.org/fflate/-/fflate-0.8.2.tgz (sha512-cPJU47OaAoCbg0pBvzsgpTPhmhqI5eJjh/JIu8tPj5q+T7iLvW/JAYUqmE7KOB4R1ZyEhzBaIQpQpardBF5z8A==) seems to be corrupted. Trying again.
npm warn tarball tarball data for @arethetypeswrong/core@https://registry.npmjs.org/@arethetypeswrong/core/-/core-0.18.5.tgz (sha512-9ytjzGwxjm9Uz7I9avfbt5vlQt6uk9uRRESzJjqrznl6WKvI6dwYTo+vJ3U02Wrq/mR3iql/PzhvHhKdJIAjDQ==) seems to be corrupted. Trying again.
npm warn tarball tarball data for @arethetypeswrong/cli@https://registry.npmjs.org/@arethetypeswrong/cli/-/cli-0.18.5.tgz (sha512-gM+8vRsQOD/Uc7EnBedUhkG5OCsDWE4uoak5QvomGpMpaky0Eh41p04nIMgrWb8EOmqZUJGc6zz9hsP6E56R7g==) seems to be corrupted. Trying again.
npm warn tarball tarball data for eslint-visitor-keys@https://registry.npmjs.org/eslint-visitor-keys/-/eslint-visitor-keys-3.4.3.tgz (sha512-wpc+LXeiyiisxPlEkUzU6svyS1frIO3Mgxj1fdy7Pm8Ygzguax2N3Fa/D/ag1WqbOprdI+uY6wMUl8/a2G+iag==) seems to be corrupted. Trying again.
npm warn tarball tarball data for hookified@https://registry.npmjs.org/hookified/-/hookified-2.2.0.tgz (sha512-p/LgFzRN5FeoD3DLS6bkUapeye6E4SI6yJs6KetENd18S+FBthqYq2amJUWpt5z0EQwwHemidjY5OqJGEKm5uA==) seems to be corrupted. Trying again.
npm warn tarball tarball data for typescript@https://registry.npmjs.org/typescript/-/typescript-5.6.1-rc.tgz (sha512-E3b2+1zEFu84jB0YQi9BORDjz9+jGbwwy1Zi3G0LUNw7a7cePUrHMRNy8aPh53nXpkFGVHSxIZo5vKTfYaFiBQ==) seems to be corrupted. Trying again.
npm warn tarball tarball data for parse5@https://registry.npmjs.org/parse5/-/parse5-6.0.1.tgz (sha512-Ofn/CTFzRGTTxwpNEs9PP93gXShHcTq255nzRYSKe8AkVpZY7e1fpmTfOyoIvjP5HG7Z2ZM7VS9PPhQGW2pOpw==) seems to be corrupted. Trying again.
npm warn tarball tarball data for ignore@https://registry.npmjs.org/ignore/-/ignore-7.0.12.tgz (sha512-/8UvqAPU9DGTI9k4mxtf49U37Isfwr8Uts96+SBHIkFxPJnHS0Ew4f00sM4Scd8V8EjM0jUNtVDdv1kPdt35lg==) seems to be corrupted. Trying again.
npm warn tarball tarball data for @andrewbranch/untar.js@https://registry.npmjs.org/@andrewbranch/untar.js/-/untar.js-1.0.4.tgz (sha512-pVXSwPsLuw8IGLo2Di0EaOfsk+ntVvpkk942J/sHYIkwvtKUakEcPh7HBgZ6tuimgzKSEHgCvO4XgQ05DEbwDw==) seems to be corrupted. Trying again.
npm warn tarball tarball data for chalk@https://registry.npmjs.org/chalk/-/chalk-5.6.2.tgz (sha512-7NzBL0rN6fMUW+f7A6Io4h40qQlG+xGmtMxfbnH/K7TAtt8JQWVQK+6g0UXKMeVJoyV5EkkNsErQ8pVD3bLHbA==) seems to be corrupted. Trying again.
npm warn tarball tarball data for undici-types@https://registry.npmjs.org/undici-types/-/undici-types-8.9.0.tgz (sha512-KTDyRTYX8sWmKXAikPHHSyc63CRPETMctyjKFupcC6OBLXT3xsN0e9aF7m+mIXutFWpUXuedtowG7iLOzp0kQg==) seems to be corrupted. Trying again.
npm warn tarball tarball data for @types/node@https://registry.npmjs.org/@types/node/-/node-26.6.4.tgz (sha512-ldVPDCzj7fsaGZrLB0NuHuTvJcsNasysBAqMolr/cgxrLd1xbqxIr3XJiPnHHJUCxj5sNF1vnRj9aWnrVh5Jcg==) seems to be corrupted. Trying again.
npm warn tar TAR_ENTRY_ERROR ENOENT: no such file or directory, lstat '/workspace/docsluice-package-e/node_modules/@arethetypeswrong/core/dist/internal/checks'
npm warn tar TAR_ENTRY_ERROR ENOENT: no such file or directory, lstat '/workspace/docsluice-package-e/node_modules/@arethetypeswrong/core/dist'
npm warn tar TAR_ENTRY_ERROR ENOENT: no such file or directory, lstat '/workspace/docsluice-package-e/node_modules/@arethetypeswrong/core/dist'
npm warn tar TAR_ENTRY_ERROR ENOENT: no such file or directory, open '/workspace/docsluice-package-e/node_modules/@babel/types/lib/utils/shallowEqual.js'
npm warn tar TAR_ENTRY_ERROR ENOENT: no such file or directory, lstat '/workspace/docsluice-package-e/node_modules/@babel/types/lib'
npm warn tar TAR_ENTRY_ERROR ENOENT: no such file or directory, lstat '/workspace/docsluice-package-e/node_modules/@arethetypeswrong/core/dist'
npm warn tar TAR_ENTRY_ERROR ENOENT: no such file or directory, lstat '/workspace/docsluice-package-e/node_modules/@babel/types/lib'
npm warn tar TAR_ENTRY_ERROR ENOENT: no such file or directory, lstat '/workspace/docsluice-package-e/node_modules/@arethetypeswrong/core/dist'
npm warn tar TAR_ENTRY_ERROR ENOENT: no such file or directory, lstat '/workspace/docsluice-package-e/node_modules/@babel/types/lib'
npm warn tar TAR_ENTRY_ERROR ENOENT: no such file or directory, lstat '/workspace/docsluice-package-e/node_modules/@arethetypeswrong/core/dist'
npm warn tar TAR_ENTRY_ERROR ENOENT: no such file or directory, lstat '/workspace/docsluice-package-e/node_modules/@babel/types/lib'
npm warn tar TAR_ENTRY_ERROR ENOENT: no such file or directory, lstat '/workspace/docsluice-package-e/node_modules/@arethetypeswrong/core/dist'
npm warn cleanup Failed to remove some directories [
npm warn cleanup   [
npm warn cleanup     '/workspace/docsluice-package-e/node_modules/jsdoc-type-pratt-parser',
npm warn cleanup     [Error: ENOTEMPTY: directory not empty, rmdir '/workspace/docsluice-package-e/node_modules/jsdoc-type-pratt-parser/node_modules/undici-types'] {
npm warn cleanup       errno: -39,
npm warn cleanup       code: 'ENOTEMPTY',
npm warn cleanup       syscall: 'rmdir',
npm warn cleanup       path: '/workspace/docsluice-package-e/node_modules/jsdoc-type-pratt-parser/node_modules/undici-types'
npm warn cleanup     }
npm warn cleanup   ],
npm warn cleanup   [
npm warn cleanup     '/workspace/docsluice-package-e/node_modules',
npm warn cleanup     [Error: ENOTEMPTY: directory not empty, rmdir '/workspace/docsluice-package-e/node_modules/jsdoc-type-pratt-parser/node_modules/undici-types'] {
npm warn cleanup       errno: -39,
npm warn cleanup       code: 'ENOTEMPTY',
npm warn cleanup       syscall: 'rmdir',
npm warn cleanup       path: '/workspace/docsluice-package-e/node_modules/jsdoc-type-pratt-parser/node_modules/undici-types'
npm warn cleanup     }
npm warn cleanup   ],
npm warn cleanup   [
npm warn cleanup     '/workspace/docsluice-package-e/node_modules/@babel/types',
npm warn cleanup     [Error: ENOTEMPTY: directory not empty, rmdir '/workspace/docsluice-package-e/node_modules/@babel/types/lib/utils/react'] {
npm warn cleanup       errno: -39,
npm warn cleanup       code: 'ENOTEMPTY',
npm warn cleanup       syscall: 'rmdir',
npm warn cleanup       path: '/workspace/docsluice-package-e/node_modules/@babel/types/lib/utils/react'
npm warn cleanup     }
npm warn cleanup   ],
npm warn cleanup   [
npm warn cleanup     '/workspace/docsluice-package-e/node_modules/jsdoc-type-pratt-parser/node_modules/@types',
npm warn cleanup     [Error: ENOTEMPTY: directory not empty, rmdir '/workspace/docsluice-package-e/node_modules/jsdoc-type-pratt-parser/node_modules/@types/node'] {
npm warn cleanup       errno: -39,
npm warn cleanup       code: 'ENOTEMPTY',
npm warn cleanup       syscall: 'rmdir',
npm warn cleanup       path: '/workspace/docsluice-package-e/node_modules/jsdoc-type-pratt-parser/node_modules/@types/node'
npm warn cleanup     }
npm warn cleanup   ],
npm warn cleanup   [
npm warn cleanup     '/workspace/docsluice-package-e/node_modules/parse5-htmlparser2-tree-adapter',
npm warn cleanup     [Error: ENOTEMPTY: directory not empty, rmdir '/workspace/docsluice-package-e/node_modules/parse5-htmlparser2-tree-adapter/node_modules/parse5/lib/extensions'] {
npm warn cleanup       errno: -39,
npm warn cleanup       code: 'ENOTEMPTY',
npm warn cleanup       syscall: 'rmdir',
npm warn cleanup       path: '/workspace/docsluice-package-e/node_modules/parse5-htmlparser2-tree-adapter/node_modules/parse5/lib/extensions'
npm warn cleanup     }
npm warn cleanup   ]
npm warn cleanup ]
npm warn tar TAR_ENTRY_ERROR ENOENT: no such file or directory, lstat '/workspace/docsluice-package-e/node_modules/@babel/types/lib'
npm warn tar TAR_ENTRY_ERROR ENOENT: no such file or directory, lstat '/workspace/docsluice-package-e/node_modules/@arethetypeswrong/core/dist'
npm warn tar TAR_ENTRY_ERROR ENOENT: no such file or directory, lstat '/workspace/docsluice-package-e/node_modules/@babel/types/lib'
npm warn tar TAR_ENTRY_ERROR ENOENT: no such file or directory, lstat '/workspace/docsluice-package-e/node_modules/@arethetypeswrong/core/dist'
npm error code ENOENT
npm error syscall mkdir
npm error path /home/agent/.npm/_cacache
npm error errno -2
npm error enoent ENOENT: no such file or directory, mkdir '/home/agent/.npm/_cacache'
npm error enoent This is related to npm not being able to find a file.
npm error enoent
npm notice
npm notice New major version of npm available! 11.9.0 -> 12.2.0
npm notice Changelog: https://github.com/npm/cli/releases/tag/v12.2.0
npm notice To update run: npm install -g npm@12.2.0
npm notice
npm error Log files were not written due to an error writing to the directory: /home/agent/.npm/_logs
npm error You can rerun the command with `--loglevel=verbose` to see the logs in your terminal
